param,id,val
B2,MNA,0.005475851
B2,MNA,0.032855109
B2,MNA,0.208082357
B2,MNWA,0.024641332
B2,MNWA,0.030117183
B2,MNWA,0.035593035
B2,MNWA,0.049282663
B2,MNWA,0.046544738
B2,MNWA,0.043806812
B2,CEP,0.022271749
B2,CEP,0.119746904
B2,CEP,0.017537914
B2,CEP,0.000362386
B2,CEP,0.000336145
B2,CEP,0.000973686
B2,CEP,0.000177441
B2,CEP,5.1185E-05
B2,CEP,0.049238826
B2,CEP,0.003823117
B2,CEP,0.005448334
B2,CEP,0.105190864
B2,CEP,0.1
B2,CEP,0.005050062
B2,CEP,0.008591439
B2,CEP,0.006841713
B2,CEP,0.000650409
B2,CEP,0.000650409
B2,CEP,0.000667077
B2,CSP,0.139924719
B2,CSP,0.076592807
B2,CSP,0.044086948
B2,CSP,0.082266536
B2,CSP,0.035286398
B2,CSP,0.02573496
B2,CSP,0.03306238
B2,CSP,0.018492472
B2,CSP,0.011768773
B2,CSP,0.005864145
B2,CSP,0.005698276
B2,CSP,0.004401419
B2,CSP,0.00400657
B2,CSP,0.006525327
B2,CSP,0.003623663
B2,CSP,0.004415704
B2,CSP,0.003162278
B2,CSP,0.002187762
Bm2,MNA,0.427116417
Bm2,MNA,0.878874165
Bm2,MNA,1.434673092
Bm2,MNWA,7.365020261
Bm2,MNWA,6.242470704
Bm2,MNWA,5.147300405
Bm2,MNWA,2.60102946
Bm2,MNWA,2.3819954
Bm2,MNWA,1.587996934
Bm2,BRIG,0.148179142
Bm2,BRIG,0.071266186
Bm2,CEP,0.043915115
Bm2,CEP,8.973590365
Bm2,CEP,1.859098607
Bm2,CEP,0.296380986
Bm2,CEP,0.344316102
Bm2,CEP,0.35542878
Bm2,CEP,0.166400201
Bm2,CEP,0.170125428
Bm2,CEP,5.500277681
Bm2,CEP,0.587801607
Bm2,CEP,0.733473817
Bm2,CEP,4.407890215
Bm2,CEP,1.77827941
Bm2,CEP,13.93897276
Bm2,CEP,0.717412981
Bm2,CEP,0.915247311
Bm2,CEP,0.801394124
Bm2,CEP,0.152297336
Bm2,CEP,0.181809003
Bm2,CEP,0.212286842
Bm1s,MNA,0.035593035
Bm1s,MNA,0.087613624
Bm1s,MNA,0.161537619
Bm1s,MNWA,0.191654802
Bm1s,MNWA,2.184864746
Bm1s,MNWA,1.034935933
Bm1s,MNWA,4.83517687
Bm1s,MNWA,0.309385609
Bm1s,MNWA,2.765305005
Bm1s,CEP,0.004351671
Bm1s,CEP,0.141891131
Bm1s,CEP,0.351569006
Bm1s,CEP,0.132869175
Bm1s,CEP,0.042374822
Bm1s,CEP,0.012626537
Bm1s,CEP,0.010698107
Bm1s,CEP,0.007478896
Bm1s,CEP,0.005623134
Bm1s,CEP,0.00523806
Bm1s,CEP,0.132695247
Bm1s,CEP,0.167454092
Bm1s,CEP,0.119746686
Bm1s,CEP,0.036261933
Bm1s,CEP,0.032133576
Bm1s,CEP,0.019202106
Bm1s,CEP,0.002529343
Bm1s,CEP,0.002776481
Bm1s,CEP,0.002969792
Bm1s,CEP,0.01861564
Bm1s,CEP,0.225691975
Bm1s,CEP,0.206852429
Bm1s,CEP,0.009369597
Bm1s,CEP,0.02163359
Bm1s,CEP,0.023182315
Bm1s,CEP,0.032345406
Bm1s,CEP,0.005956094
Bm1s,CEP,0.003712884
Bm1s,CEP,0.003423752
Bm1s,CSP,0.081854673
Bm1s,CSP,0.081854673
Bm1s,CSP,0.04545783
Bm1s,CSP,0.036746619
Bm1s,CSP,0.028610256
Bm1s,CSP,0.020664143
Bm1s,CSP,0.012216773
Bm1s,CSP,0.010253439
Bm1l,ENA,0.0121
Bm1l,ENA,0.0232
Bm1l,ENA,0.0243
Bm1l,ENA,0.0409
Bm1l,ENA,0.0374
Bm1l,ENA,0.045
Bm1l,ENA,0.0566
Bm1l,ENA,0.0371
Bm1l,ENA,0.0423
Bm1l,ENP,0.0982
Bm1l,ENP,0.0785
Bm1l,ENP,0.2788
Bm1l,SBB,0.7307
Bm1l,SBB,0.6308
Bm1l,BRES,0.053249012
Bm1l,BRES,0.217898278
Bm1l,BRES,0.099768738
Bm1l,BRES,0.139968517
Bm1l,BRES,0.137304705
Bm1l,BRES,0.079529668
Bm1l,BRES,0.131431061
Bm1l,BRES,0.174858285
Bm1l,BRES,0.236398812
Bm1l,BRES,0.169511562
Bm1l,BRES,0.185925553
Bm1l,BRES,0.126692576
Bm1l,BRES,0.112093439
Bm1l,BRES,0.080216196
Bm1l,BRES,0.291337552
Bm1l,BRES,0.017297636
Bm1l,BRES,0.135413394
Bm1l,BRES,0.037233995
Bm1l,BRES,0.095310078
Bm1l,BRES,0.070282445
Bm1l,BRES,0.101505926
Bm1l,BRES,0.431029637
Bm1l,BRES,0.319751217
Bm1l,BRES,0.076531432
Bm1l,BRES,0.212651862
Bm1l,BRES,0.131625562
Bm1l,BRES,0.256089746
Bm1l,BRES,0.123137632
Bm1l,BRES,0.2259299
Bm1l,BRES,0.28447471
Bm1l,BRES,0.097910509
wl,MNWA,165
wl,MWAP1,91
wl,MWAP1,112
wl,MWAP1,640
wl,MBATS,13
wl,MBATS,90
wl,MBATS,23
wl,MBATS,70
wl,MSARG,9.74
wl,MSARG,12.9
wl,MSARG,29.3
wl,MSARG,15.7
wl,MSARG,19
wl,MSARG,36
wl,MSARG,45.5
wl,MSARG,54.1
wl,MSARG,8.83
wl,MSARG,11.2
wl,MSARG,19.6
wl,MSARG,7.7
wl,MSARG,8.72
wl,MSARG,16.2
wl,MSARG,23.2
wl,MSARG,16.2
wl,MSARG,7.02
wl,MSARG,9.96
wl,MSARG,15.9
wl,MSARG,5.81
wl,MSARG,7.75
wl,MSARG,14.6
wl,MSARG,17.6
wl,MSARG,9.58
wl,MSARG,5.23
wl,MSARG,7.65
wl,MSARG,11.1
wl,MSARG,10.2
wl,MSARG,10.1
wl,MSARG,17
wl,MSARG,21.9
wl,MSARG,13.6
wl,MSARG,5.12
wl,MSARG,2.51
wl,MSARG,11.7
wl,MSARG,14.7
wl,MSARG,7.97
wl,MSARG,5.9
wl,MSARG,13.2
wl,MSARG,16.3
wl,MSARG,6.82
wl,MSARG,12.8
wl,MSARG,29.1
wl,MSARG,2.93
wl,MSARG,17.5
wl,MSARG,11.5
wl,MSARG,25.1
wl,MWAP2,78.7878788
wl,MWAP2,24.2424242
wl,MWAP2,22.2222222
wl,MWAP2,30.3030303
wl,MWAP2,47.4747475
wl,MWAP2,53.5353535
wl,MWAP2,143.434343
wl,MWAP2,66.6666667
wl,MWAP2,38.3838384
wl,MWAP2,35.3535354
wl,MWAP2,73.7373737
wl,MWAP2,80.8080808
wl,MWAP2,91.9191919
wl,MWAP2,57.5757576
wl,MWAP2,38.3838384
wl,MWAP2,45.4545455
wl,MWAP2,72.7272727
wl,MWAP2,76.7676768
wl,MWAP2,149.494949
wl,MWAP2,87.8787879
wl,MWAP2,44.4444444
wl,XIANG,15.25386961
wl,XIANG,15.52562611
wl,XIANG,17.82041879
wl,XIANG,17.85224325
wl,XIANG,19.56589441
wl,XIANG,19.90838244
wl,XIANG,20.46930304
wl,XIANG,21.16783778
wl,XIANG,21.52032111
wl,XIANG,21.53202983
wl,XIANG,22.34043665
wl,XIANG,22.61882694
wl,XIANG,23.14144309
wl,XIANG,23.84237071
wl,XIANG,25.27089279
wl,XIANG,25.62548596
wl,XIANG,25.8201794
wl,XIANG,28.00150783
wl,XIANG,28.57203074
wl,XIANG,29.4085493
wl,XIANG,29.43920744
wl,XIANG,29.56720675
wl,XIANG,29.99435833
wl,XIANG,30.07916931
wl,XIANG,30.29717666
wl,XIANG,30.34183591
wl,XIANG,30.51746367
wl,XIANG,30.58370634
wl,XIANG,31.3248848
wl,XIANG,31.35301494
wl,XIANG,31.67581767
wl,XIANG,32.50438218
wl,XIANG,32.61830666
wl,XIANG,32.99420847
wl,XIANG,34.0465715
wl,XIANG,34.65388766
wl,XIANG,34.96639517
wl,XIANG,35.01380758
wl,XIANG,35.26299992
wl,XIANG,36.09588061
wl,XIANG,36.65750351
wl,XIANG,36.70735301
wl,XIANG,36.74537654
wl,XIANG,36.8928693
wl,XIANG,37.51219553
wl,XIANG,37.54539578
wl,XIANG,37.61889617
wl,XIANG,37.66555614
wl,XIANG,37.67647214
wl,XIANG,37.84157886
wl,XIANG,37.93588707
wl,XIANG,38.75434846
wl,XIANG,38.78628609
wl,XIANG,38.80278178
wl,XIANG,39.79036873
wl,XIANG,40.50892518
wl,XIANG,40.55434715
wl,XIANG,40.66847918
wl,XIANG,40.79561806
wl,XIANG,41.12749828
wl,XIANG,41.18283223
wl,XIANG,41.84894267
wl,XIANG,41.88732824
wl,XIANG,41.89023016
wl,XIANG,42.57087823
wl,XIANG,42.82675312
wl,XIANG,43.22308816
wl,XIANG,43.40414583
wl,XIANG,43.59969799
wl,XIANG,43.76157501
wl,XIANG,43.77373086
wl,XIANG,44.07742587
wl,XIANG,44.10233866
wl,XIANG,44.24507785
wl,XIANG,44.26336745
wl,XIANG,44.53102129
wl,XIANG,44.6534559
wl,XIANG,44.74941927
wl,XIANG,45.08161228
wl,XIANG,45.08993626
wl,XIANG,45.33661868
wl,XIANG,45.55728174
wl,XIANG,46.22304389
wl,XIANG,46.41210065
wl,XIANG,46.47382045
wl,XIANG,46.57752504
wl,XIANG,46.70034226
wl,XIANG,46.83257028
wl,XIANG,47.36249399
wl,XIANG,47.44273694
wl,XIANG,47.61774766
wl,XIANG,47.6913112
wl,XIANG,47.94256866
wl,XIANG,47.98658279
wl,XIANG,48.25745914
wl,XIANG,48.39172703
wl,XIANG,48.50626784
wl,XIANG,48.6011525
wl,XIANG,49.04923213
wl,XIANG,49.21578136
wl,XIANG,49.22070117
wl,XIANG,49.29279405
wl,XIANG,49.2934554
wl,XIANG,49.43327502
wl,XIANG,49.44756736
wl,XIANG,49.73829169
wl,XIANG,49.90292439
wl,XIANG,50.02741772
wl,XIANG,50.11241397
wl,XIANG,50.54425971
wl,XIANG,50.56708626
wl,XIANG,50.60751587
wl,XIANG,51.00939931
wl,XIANG,51.34028035
wl,XIANG,51.55954747
wl,XIANG,51.61440989
wl,XIANG,52.17467402
wl,XIANG,52.24511478
wl,XIANG,53.06302902
wl,XIANG,53.1741019
wl,XIANG,53.35617395
wl,XIANG,53.3936358
wl,XIANG,53.57072184
wl,XIANG,53.6890329
wl,XIANG,53.71811549
wl,XIANG,54.45034876
wl,XIANG,54.6046547
wl,XIANG,54.64103936
wl,XIANG,54.65897981
wl,XIANG,55.05699485
wl,XIANG,55.18573621
wl,XIANG,55.20184593
wl,XIANG,55.22797898
wl,XIANG,55.26240064
wl,XIANG,55.52491776
wl,XIANG,55.59316519
wl,XIANG,55.751242
wl,XIANG,56.61769838
wl,XIANG,56.65475881
wl,XIANG,56.68193433
wl,XIANG,56.71087446
wl,XIANG,56.93771045
wl,XIANG,56.96837024
wl,XIANG,57.04205719
wl,XIANG,57.52000351
wl,XIANG,57.58959848
wl,XIANG,57.74887378
wl,XIANG,57.85785799
wl,XIANG,57.90059312
wl,XIANG,58.09687795
wl,XIANG,58.11301425
wl,XIANG,58.26973931
wl,XIANG,58.2884357
wl,XIANG,58.31108355
wl,XIANG,58.40142439
wl,XIANG,58.67084118
wl,XIANG,58.84500447
wl,XIANG,58.85015416
wl,XIANG,59.05753332
wl,XIANG,59.63452338
wl,XIANG,59.68902796
wl,XIANG,59.75588415
wl,XIANG,59.78469974
wl,XIANG,59.79962628
wl,XIANG,59.98555807
wl,XIANG,60.18299244
wl,XIANG,60.2934382
wl,XIANG,60.38521461
wl,XIANG,60.97872079
wl,XIANG,61.18662094
wl,XIANG,61.23694169
wl,XIANG,61.49911069
wl,XIANG,61.56263812
wl,XIANG,61.66694827
wl,XIANG,61.74962158
wl,XIANG,61.84659594
wl,XIANG,61.91927714
wl,XIANG,62.07882409
wl,XIANG,62.10602492
wl,XIANG,62.4190877
wl,XIANG,62.5444484
wl,XIANG,62.58851429
wl,XIANG,62.68697394
wl,XIANG,62.86295939
wl,XIANG,63.14440288
wl,XIANG,63.42483338
wl,XIANG,63.55562921
wl,XIANG,63.84815125
wl,XIANG,63.91285726
wl,XIANG,64.04610992
wl,XIANG,64.06046845
wl,XIANG,64.21839072
wl,XIANG,64.88272146
wl,XIANG,64.91997221
wl,XIANG,65.05217027
wl,XIANG,65.17279144
wl,XIANG,65.31523324
wl,XIANG,65.37563112
wl,XIANG,65.4434569
wl,XIANG,65.53919495
wl,XIANG,65.63876255
wl,XIANG,65.99732388
wl,XIANG,66.34321078
wl,XIANG,66.39278481
wl,XIANG,66.49773766
wl,XIANG,66.49847753
wl,XIANG,66.52475316
wl,XIANG,66.70189412
wl,XIANG,66.74225877
wl,XIANG,66.82946617
wl,XIANG,66.85512202
wl,XIANG,66.86328741
wl,XIANG,66.87498403
wl,XIANG,67.02218721
wl,XIANG,67.47795043
wl,XIANG,67.58762099
wl,XIANG,67.62911313
wl,XIANG,67.86516927
wl,XIANG,67.89229671
wl,XIANG,67.9716417
wl,XIANG,68.73868912
wl,XIANG,69.00981792
wl,XIANG,69.05017401
wl,XIANG,69.06645181
wl,XIANG,69.09147738
wl,XIANG,69.21072305
wl,XIANG,69.23685389
wl,XIANG,69.34317081
wl,XIANG,69.60019852
wl,XIANG,69.87724807
wl,XIANG,69.92921118
wl,XIANG,70.1606654
wl,XIANG,70.44797723
wl,XIANG,70.63919068
wl,XIANG,70.71363178
wl,XIANG,70.7846272
wl,XIANG,70.93703728
wl,XIANG,71.15757827
wl,XIANG,71.38233023
wl,XIANG,71.61245835
wl,XIANG,71.84143031
wl,XIANG,72.24078909
wl,XIANG,72.25822038
wl,XIANG,72.26497192
wl,XIANG,72.27673035
wl,XIANG,72.40486425
wl,XIANG,72.413544
wl,XIANG,72.43094012
wl,XIANG,72.49246138
wl,XIANG,72.54393172
wl,XIANG,72.60363435
wl,XIANG,72.80470361
wl,XIANG,72.94633636
wl,XIANG,72.95723289
wl,XIANG,73.08999235
wl,XIANG,73.18313566
wl,XIANG,73.35641073
wl,XIANG,73.58406261
wl,XIANG,73.82467178
wl,XIANG,73.91492448
wl,XIANG,73.93219664
wl,XIANG,74.51608546
wl,XIANG,74.5196998
wl,XIANG,74.64341771
wl,XIANG,74.78064043
wl,XIANG,74.99551863
wl,XIANG,75.02584426
wl,XIANG,75.30735605
wl,XIANG,75.53529722
wl,XIANG,76.00826383
wl,XIANG,76.09782108
wl,XIANG,76.29240904
wl,XIANG,76.35717025
wl,XIANG,76.40751948
wl,XIANG,76.79205414
wl,XIANG,77.33649374
wl,XIANG,77.54638413
wl,XIANG,77.6056607
wl,XIANG,77.84622085
wl,XIANG,77.86437717
wl,XIANG,77.95961794
wl,XIANG,78.22110867
wl,XIANG,78.41222093
wl,XIANG,78.48360454
wl,XIANG,78.7005686
wl,XIANG,78.70610843
wl,XIANG,78.7975163
wl,XIANG,79.17592804
wl,XIANG,79.2240475
wl,XIANG,79.23241667
wl,XIANG,79.67230585
wl,XIANG,79.78730888
wl,XIANG,80.06331546
wl,XIANG,80.27683806
wl,XIANG,80.27798358
wl,XIANG,80.44171526
wl,XIANG,80.54025804
wl,XIANG,80.84975236
wl,XIANG,80.97942995
wl,XIANG,81.14720231
wl,XIANG,81.522213
wl,XIANG,81.55343283
wl,XIANG,81.90673689
wl,XIANG,82.20920462
wl,XIANG,82.21448894
wl,XIANG,83.03894434
wl,XIANG,83.12926435
wl,XIANG,83.68302638
wl,XIANG,84.17715015
wl,XIANG,84.20766887
wl,XIANG,84.37322643
wl,XIANG,84.45265718
wl,XIANG,85.25980068
wl,XIANG,86.17665022
wl,XIANG,86.59182874
wl,XIANG,86.82467456
wl,XIANG,87.7776716
wl,XIANG,87.8152516
wl,XIANG,87.95586439
wl,XIANG,88.44262545
wl,XIANG,89.21889663
wl,XIANG,89.56521325
wl,XIANG,90.09818838
wl,XIANG,91.68182478
wl,XIANG,91.96626011
wl,XIANG,92.14367004
wl,XIANG,92.24372155
wl,XIANG,92.99185838
wl,XIANG,93.50383114
wl,XIANG,95.30372609
wl,XIANG,95.61291823
wl,XIANG,95.70383873
wl,XIANG,96.06145281
wl,XIANG,96.36048108
wl,XIANG,97.04934846
wl,XIANG,97.05015187
wl,XIANG,97.05200798
wl,XIANG,97.66964413
wl,XIANG,98.64199916
wl,XIANG,98.76785434
wl,XIANG,99.66481422
wl,XIANG,100.2397026
wl,XIANG,100.3621342
wl,XIANG,100.7922955
wl,XIANG,100.9456138
wl,XIANG,101.4384063
wl,XIANG,101.6357137
wl,XIANG,101.9320693
wl,XIANG,102.1591339
wl,XIANG,102.3431056
wl,XIANG,102.8196122
wl,XIANG,103.3832149
wl,XIANG,103.7157487
wl,XIANG,103.762254
wl,XIANG,105.6201797
wl,XIANG,107.831737
wl,XIANG,110.7660527
wl,XIANG,110.9769252
wl,XIANG,113.4013067
wl,XIANG,114.5011208
wl,XIANG,116.9801944
wl,XIANG,121.8746482
wl,XIANG,122.751107
wl,XIANG,123.0385457
wl,XIANG,128.4581739
wl,XIANG,134.6417262
wl,XIANG,136.0088682
wl,XIANG,140.8640308
wl,XIANG,147.7981567
wl,XIANG,151.0708127
wl,XIANG,152.0592472
wl,XIANG,188.3057972
wl,XIANG,228.0025805
wl,XIANG,281.3390242
ws,A16,2.051224371
ws,A16,1.980186297
ws,A16,1.962426779
ws,A16,1.829230391
ws,A16,1.855869669
ws,A16,1.873629187
ws,A16,1.935787501
ws,A16,2.255458832
ws,A16,2.690567032
ws,L17,2.329974811
ws,G20,0.930894754
ws,G20,1.204687329
ws,K76,1.728
ws,K76,0.28512
ws,K76,0.38016
ws,K76,0.432
ws,K81,1.8144
ws,K81,2.3328
ws,K81,2.0736
ws,K81,2.0736
ws,K81,2.0736
ws,S95,0.821377724
ws,S95,1.368962874
ws,RVDL93,1.451100646
ws,V08,2.305333479
ws,V08,2.264264593
ws,V08,2.264264593
ws,V08,1.574307305
ws,V08,1.368962874
ws,V08,1.095170299
ws,XIANG,0.045301248
ws,XIANG,0.062620415
ws,XIANG,0.086555853
ws,XIANG,0.087054962
ws,XIANG,0.10587121
ws,XIANG,0.112159627
ws,XIANG,0.116258203
ws,XIANG,0.122206509
ws,XIANG,0.123009872
ws,XIANG,0.143921751
ws,XIANG,0.147177841
ws,XIANG,0.156759889
ws,XIANG,0.159876814
ws,XIANG,0.160626158
ws,XIANG,0.162458539
ws,XIANG,0.162654024
ws,XIANG,0.164777651
ws,XIANG,0.171306375
ws,XIANG,0.174192661
ws,XIANG,0.180673186
ws,XIANG,0.184986671
ws,XIANG,0.185038353
ws,XIANG,0.193579352
ws,XIANG,0.196262979
ws,XIANG,0.20992121
ws,XIANG,0.212114672
ws,XIANG,0.21646521
ws,XIANG,0.221602195
ws,XIANG,0.22469173
ws,XIANG,0.229888838
ws,XIANG,0.235553728
ws,XIANG,0.235818069
ws,XIANG,0.250048303
ws,XIANG,0.259126009
ws,XIANG,0.279298534
ws,XIANG,0.282103678
ws,XIANG,0.288061467
ws,XIANG,0.292796361
ws,XIANG,0.301073728
ws,XIANG,0.30257448
ws,XIANG,0.322577829
ws,XIANG,0.325684502
ws,XIANG,0.334734984
ws,XIANG,0.335617509
ws,XIANG,0.338089363
ws,XIANG,0.346083719
ws,XIANG,0.349766367
ws,XIANG,0.354111244
ws,XIANG,0.355519417
ws,XIANG,0.358218887
ws,XIANG,0.35865511
ws,XIANG,0.365893063
ws,XIANG,0.371088985
ws,XIANG,0.371215248
ws,XIANG,0.371297035
ws,XIANG,0.373018226
ws,XIANG,0.379287633
ws,XIANG,0.38216049
ws,XIANG,0.382393912
ws,XIANG,0.383947761
ws,XIANG,0.387963087
ws,XIANG,0.391930823
ws,XIANG,0.392442279
ws,XIANG,0.392969273
ws,XIANG,0.39835081
ws,XIANG,0.398368064
ws,XIANG,0.399547133
ws,XIANG,0.402993152
ws,XIANG,0.403441196
ws,XIANG,0.403458265
ws,XIANG,0.403484989
ws,XIANG,0.405799508
ws,XIANG,0.407800694
ws,XIANG,0.408825407
ws,XIANG,0.409632827
ws,XIANG,0.413090928
ws,XIANG,0.414281621
ws,XIANG,0.414942045
ws,XIANG,0.418933216
ws,XIANG,0.419267516
ws,XIANG,0.419697898
ws,XIANG,0.419705205
ws,XIANG,0.420025692
ws,XIANG,0.424967915
ws,XIANG,0.426439497
ws,XIANG,0.436367805
ws,XIANG,0.436704741
ws,XIANG,0.440237544
ws,XIANG,0.442422528
ws,XIANG,0.446382307
ws,XIANG,0.449765162
ws,XIANG,0.458348963
ws,XIANG,0.463173875
ws,XIANG,0.464883052
ws,XIANG,0.469482729
ws,XIANG,0.469882928
ws,XIANG,0.470901893
ws,XIANG,0.473994817
ws,XIANG,0.475268385
ws,XIANG,0.476553275
ws,XIANG,0.477411694
ws,XIANG,0.479787325
ws,XIANG,0.480086803
ws,XIANG,0.480182863
ws,XIANG,0.482418678
ws,XIANG,0.485700929
ws,XIANG,0.492650651
ws,XIANG,0.493689476
ws,XIANG,0.494997938
ws,XIANG,0.497132793
ws,XIANG,0.498675333
ws,XIANG,0.500119725
ws,XIANG,0.502142278
ws,XIANG,0.505984315
ws,XIANG,0.506228265
ws,XIANG,0.506789225
ws,XIANG,0.506835414
ws,XIANG,0.507108602
ws,XIANG,0.510966326
ws,XIANG,0.513713979
ws,XIANG,0.514419769
ws,XIANG,0.516099167
ws,XIANG,0.517980024
ws,XIANG,0.519623357
ws,XIANG,0.520530627
ws,XIANG,0.521744552
ws,XIANG,0.526673126
ws,XIANG,0.530237942
ws,XIANG,0.530973059
ws,XIANG,0.531158253
ws,XIANG,0.534029528
ws,XIANG,0.534926156
ws,XIANG,0.537026132
ws,XIANG,0.546037445
ws,XIANG,0.547606516
ws,XIANG,0.55708783
ws,XIANG,0.557700798
ws,XIANG,0.558072925
ws,XIANG,0.558384453
ws,XIANG,0.560794226
ws,XIANG,0.562842181
ws,XIANG,0.564286515
ws,XIANG,0.565586485
ws,XIANG,0.566017349
ws,XIANG,0.566615061
ws,XIANG,0.572902255
ws,XIANG,0.574318078
ws,XIANG,0.576269737
ws,XIANG,0.578520883
ws,XIANG,0.582928533
ws,XIANG,0.58337415
ws,XIANG,0.585192379
ws,XIANG,0.587573659
ws,XIANG,0.592926308
ws,XIANG,0.600064808
ws,XIANG,0.603044899
ws,XIANG,0.605416094
ws,XIANG,0.607124605
ws,XIANG,0.609342162
ws,XIANG,0.611266647
ws,XIANG,0.619410788
ws,XIANG,0.621614077
ws,XIANG,0.626452919
ws,XIANG,0.627434643
ws,XIANG,0.627969886
ws,XIANG,0.630154588
ws,XIANG,0.631062682
ws,XIANG,0.633528635
ws,XIANG,0.635362743
ws,XIANG,0.638607991
ws,XIANG,0.638770102
ws,XIANG,0.640391935
ws,XIANG,0.644259289
ws,XIANG,0.644297922
ws,XIANG,0.65000875
ws,XIANG,0.656979253
ws,XIANG,0.65816577
ws,XIANG,0.658893286
ws,XIANG,0.660632144
ws,XIANG,0.66207553
ws,XIANG,0.662884346
ws,XIANG,0.663215863
ws,XIANG,0.664748777
ws,XIANG,0.667124058
ws,XIANG,0.670540303
ws,XIANG,0.671728668
ws,XIANG,0.672457553
ws,XIANG,0.675141171
ws,XIANG,0.680753076
ws,XIANG,0.681639357
ws,XIANG,0.684952226
ws,XIANG,0.694392155
ws,XIANG,0.698226453
ws,XIANG,0.70033668
ws,XIANG,0.701217352
ws,XIANG,0.701752885
ws,XIANG,0.702610645
ws,XIANG,0.703520743
ws,XIANG,0.703752144
ws,XIANG,0.707691536
ws,XIANG,0.708595462
ws,XIANG,0.716076902
ws,XIANG,0.717823769
ws,XIANG,0.722600621
ws,XIANG,0.726931671
ws,XIANG,0.729176643
ws,XIANG,0.731246931
ws,XIANG,0.732479501
ws,XIANG,0.733547374
ws,XIANG,0.73831815
ws,XIANG,0.738709252
ws,XIANG,0.744693847
ws,XIANG,0.74503441
ws,XIANG,0.745236475
ws,XIANG,0.747728848
ws,XIANG,0.751840858
ws,XIANG,0.751865011
ws,XIANG,0.75527304
ws,XIANG,0.756869162
ws,XIANG,0.758262954
ws,XIANG,0.759013915
ws,XIANG,0.761834268
ws,XIANG,0.762864478
ws,XIANG,0.76505653
ws,XIANG,0.768898959
ws,XIANG,0.769332914
ws,XIANG,0.77131662
ws,XIANG,0.781197014
ws,XIANG,0.783075148
ws,XIANG,0.78540564
ws,XIANG,0.78611926
ws,XIANG,0.786781307
ws,XIANG,0.795271215
ws,XIANG,0.795517405
ws,XIANG,0.797040182
ws,XIANG,0.798946971
ws,XIANG,0.800444187
ws,XIANG,0.805110946
ws,XIANG,0.806568274
ws,XIANG,0.8085879
ws,XIANG,0.810267747
ws,XIANG,0.812217906
ws,XIANG,0.812745678
ws,XIANG,0.814732629
ws,XIANG,0.817751583
ws,XIANG,0.823001448
ws,XIANG,0.823379076
ws,XIANG,0.825960828
ws,XIANG,0.828559912
ws,XIANG,0.829430785
ws,XIANG,0.830300929
ws,XIANG,0.834010744
ws,XIANG,0.836186835
ws,XIANG,0.841087822
ws,XIANG,0.842077862
ws,XIANG,0.845659191
ws,XIANG,0.846014961
ws,XIANG,0.849239434
ws,XIANG,0.854051522
ws,XIANG,0.855628281
ws,XIANG,0.869318285
ws,XIANG,0.869726649
ws,XIANG,0.869808641
ws,XIANG,0.871085141
ws,XIANG,0.874408114
ws,XIANG,0.878091942
ws,XIANG,0.878993505
ws,XIANG,0.880957795
ws,XIANG,0.881119242
ws,XIANG,0.884900889
ws,XIANG,0.887820469
ws,XIANG,0.892476518
ws,XIANG,0.893393576
ws,XIANG,0.898156451
ws,XIANG,0.90037805
ws,XIANG,0.902802269
ws,XIANG,0.907149353
ws,XIANG,0.910511889
ws,XIANG,0.912632281
ws,XIANG,0.914296959
ws,XIANG,0.920707899
ws,XIANG,0.92361652
ws,XIANG,0.923733374
ws,XIANG,0.925833233
ws,XIANG,0.941261761
ws,XIANG,0.951152278
ws,XIANG,0.952351558
ws,XIANG,0.956567975
ws,XIANG,0.956666579
ws,XIANG,0.959029005
ws,XIANG,0.964268432
ws,XIANG,0.970889755
ws,XIANG,0.975563464
ws,XIANG,0.976081315
ws,XIANG,0.978247983
ws,XIANG,0.982149589
ws,XIANG,0.982428687
ws,XIANG,0.984384798
ws,XIANG,0.985100342
ws,XIANG,0.995548299
ws,XIANG,0.997613377
ws,XIANG,1.000644672
ws,XIANG,1.002568952
ws,XIANG,1.003857869
ws,XIANG,1.020119652
ws,XIANG,1.025194199
ws,XIANG,1.026437267
ws,XIANG,1.029835805
ws,XIANG,1.036867789
ws,XIANG,1.040134809
ws,XIANG,1.042375377
ws,XIANG,1.046689266
ws,XIANG,1.058390445
ws,XIANG,1.065934176
ws,XIANG,1.068687797
ws,XIANG,1.069905886
ws,XIANG,1.071362779
ws,XIANG,1.071388924
ws,XIANG,1.078362229
ws,XIANG,1.079130756
ws,XIANG,1.080566511
ws,XIANG,1.097798006
ws,XIANG,1.111738101
ws,XIANG,1.116876949
ws,XIANG,1.120458615
ws,XIANG,1.131436839
ws,XIANG,1.132067111
ws,XIANG,1.145239775
ws,XIANG,1.146498607
ws,XIANG,1.147288474
ws,XIANG,1.149406197
ws,XIANG,1.170717905
ws,XIANG,1.177298823
ws,XIANG,1.184234428
ws,XIANG,1.229191956
ws,XIANG,1.241407164
ws,XIANG,1.246828222
ws,XIANG,1.247701684
ws,XIANG,1.250980589
ws,XIANG,1.253260962
ws,XIANG,1.257000397
ws,XIANG,1.260455482
ws,XIANG,1.262919207
ws,XIANG,1.272236858
ws,XIANG,1.282035774
ws,XIANG,1.284256432
ws,XIANG,1.287325952
ws,XIANG,1.288244245
ws,XIANG,1.292500811
ws,XIANG,1.29651292
ws,XIANG,1.303656185
ws,XIANG,1.313702194
ws,XIANG,1.316090491
ws,XIANG,1.326926888
ws,XIANG,1.331874279
ws,XIANG,1.342975499
ws,XIANG,1.349592817
ws,XIANG,1.350352628
ws,XIANG,1.358065509
ws,XIANG,1.399526317
ws,XIANG,1.412869464
ws,XIANG,1.422350081
ws,XIANG,1.434521078
ws,XIANG,1.477385639
ws,XIANG,1.507383585
ws,XIANG,1.509224464
ws,XIANG,1.512813454
ws,XIANG,1.514428929
ws,XIANG,1.542106051
ws,XIANG,1.558580685
ws,XIANG,1.568701395
ws,XIANG,1.573585495
ws,XIANG,1.588497072
ws,XIANG,1.641411957
ws,XIANG,1.64194124
ws,XIANG,1.667761007
ws,XIANG,1.686230972
ws,XIANG,1.755845993
ws,XIANG,1.856353397
ws,XIANG,1.879675818
ws,XIANG,1.891619563
ws,XIANG,1.988689076
ws,XIANG,2.104512271
ws,XIANG,2.254623101
ws,XIANG,2.360464406