CTD,20190703ODFSIO
NUMBER_HEADERS = 11 
EXPOCODE = 33RR20180918 
SECT_ID = GP15
STNNBR = 3
CASTNO = 2
DATE = 20180927
TIME = 1257
LATITUDE = 55.0803
LONGITUDE = -155.7202
INSTRUMENT_ID = 1281
DEPTH = 1628
CTDPRS,CTDPRS_FLAG_W,CTDTMP,CTDTMP_FLAG_W,CTDSAL,CTDSAL_FLAG_W,CTDOXY,CTDOXY_FLAG_W,CTDRINKO,CTDRINKO_FLAG_W,CTDXMISS,CTDXMISS_FLAG_W,CTDFLUOR,CTDFLUOR_FLAG_W
DBAR,,ITS-90,,PSS-78,,UMOL/KG,,0-5VDC,,0-5VDC,,0-5VDC,
0.0,2,13.2534,2,32.259,2,264.2595,2,1.4628,1,4.4564,1,0.0906,1
2.0,2,13.2533,2,32.2587,2,263.8777,2,1.4622,1,4.4553,1,0.0938,1
4.0,2,13.2538,2,32.2588,2,263.6738,2,1.4623,1,4.4546,1,0.0935,1
6.0,2,13.2543,2,32.2589,2,263.4697,2,1.4621,1,4.4553,1,0.0961,1
8.0,2,13.2547,2,32.2586,2,263.577,2,1.4621,1,4.4547,1,0.0936,1
10.0,2,13.2552,2,32.259,2,263.816,2,1.4618,1,4.4541,1,0.0954,1
12.0,2,13.255,2,32.2603,2,263.9931,2,1.4618,1,4.4565,1,0.0964,1
14.0,2,13.2549,2,32.2603,2,263.9215,2,1.462,1,4.4561,1,0.0973,1
16.0,2,13.2555,2,32.2605,2,263.7711,2,1.4618,1,4.4559,1,0.0987,1
18.0,2,13.2557,2,32.2585,2,264.0552,2,1.4619,1,4.4545,1,0.0993,1
20.0,2,13.2558,2,32.2583,2,264.2227,2,1.4614,1,4.4563,1,0.099,1
22.0,2,13.2564,2,32.2606,2,264.4855,2,1.4608,1,4.4547,1,0.0992,1
24.0,2,13.2572,2,32.2605,2,264.6121,2,1.4606,1,4.4556,1,0.101,1
26.0,2,13.2574,2,32.2602,2,264.3331,2,1.4599,1,4.4549,1,0.098,1
28.0,2,13.2578,2,32.2595,2,264.6417,2,1.4592,1,4.4554,1,0.1002,1
30.0,2,13.2537,2,32.2626,2,264.8319,2,1.4578,1,4.4551,1,0.1017,1
32.0,2,13.2431,2,32.2731,2,264.6507,2,1.4565,1,4.4555,1,0.0996,1
34.0,2,13.2061,2,32.2883,2,265.1132,2,1.4558,1,4.457,1,0.1024,1
36.0,2,13.1527,2,32.3016,2,266.5197,2,1.4546,1,4.4642,1,0.1009,1
38.0,2,12.7022,2,32.3593,2,269.5316,2,1.4535,1,4.4819,1,0.0968,1
40.0,2,11.7558,2,32.4508,2,280.6168,2,1.453,1,4.5371,1,0.0719,1
42.0,2,9.3636,2,32.608,2,285.3904,2,1.4531,1,4.5817,1,0.0631,1
44.0,2,8.6859,2,32.6513,2,303.6758,2,1.4533,1,4.6067,1,0.053,1
46.0,2,8.1885,2,32.6542,2,300.6748,2,1.4551,1,4.611,1,0.05,1
48.0,2,7.8708,2,32.6654,2,311.4808,2,1.459,1,4.6196,1,0.0445,1
50.0,2,7.4151,2,32.6657,2,314.4541,2,1.4632,1,4.6249,1,0.0413,1
52.0,2,7.1305,2,32.681,2,315.7543,2,1.4658,1,4.6301,1,0.0411,1
54.0,2,7.0482,2,32.6746,2,318.3841,2,1.4715,1,4.633,1,0.0413,1
56.0,2,6.7843,2,32.6761,2,316.4603,2,1.4763,1,4.6349,1,0.043,1
58.0,2,6.5412,2,32.6952,2,311.9252,2,1.4807,1,4.6394,1,0.0423,1
60.0,2,6.2955,2,32.6962,2,311.2162,2,1.4904,1,4.6427,1,0.0402,1
62.0,2,6.0624,2,32.7147,2,309.2013,2,1.4936,1,4.6458,1,0.0415,1
64.0,2,6.0014,2,32.7136,2,309.8767,2,1.5034,1,4.6497,1,0.0355,1
66.0,2,5.8092,2,32.7184,2,307.4459,2,1.5074,1,4.6538,1,0.0342,1
68.0,2,5.6459,2,32.7264,2,303.7005,2,1.5103,1,4.6575,1,0.0294,1
70.0,2,5.5964,2,32.723,2,304.2235,2,1.5119,1,4.6613,1,0.0284,1
72.0,2,5.4656,2,32.7473,2,302.4032,2,1.5118,1,4.6619,1,0.0295,1
74.0,2,5.4484,2,32.7467,2,304.1352,2,1.5122,1,4.6601,1,0.0308,1
76.0,2,5.3791,2,32.7526,2,304.0825,2,1.5125,1,4.6617,1,0.0302,1
78.0,2,5.2274,2,32.7749,2,301.8703,2,1.5122,1,4.6626,1,0.03,1
80.0,2,5.1984,2,32.7776,2,301.3576,2,1.513,1,4.6635,1,0.0294,1
82.0,2,5.0694,2,32.7929,2,299.0913,2,1.5137,1,4.6654,1,0.0284,1
84.0,2,5.0372,2,32.7965,2,299.2753,2,1.5163,1,4.6667,1,0.0282,1
86.0,2,4.8827,2,32.8136,2,294.9976,2,1.5172,1,4.6687,1,0.0287,1
88.0,2,4.8759,2,32.815,2,295.526,2,1.5186,1,4.6687,1,0.0273,1
90.0,2,4.7621,2,32.8399,2,292.7102,2,1.5189,1,4.6693,1,0.0261,1
92.0,2,4.7804,2,32.8363,2,291.602,2,1.5224,1,4.6681,1,0.0258,1
94.0,2,4.6679,2,32.8679,2,289.6475,2,1.5235,1,4.6648,1,0.0275,1
96.0,2,4.6175,2,32.8776,2,285.847,2,1.5254,1,4.6696,1,0.0248,1
98.0,2,4.553,2,32.9158,2,282.5753,2,1.5273,1,4.6715,1,0.024,1
100.0,2,4.5475,2,32.9257,2,272.9635,2,1.529,1,4.6724,1,0.0237,1
102.0,2,4.5131,2,32.9449,2,279.6886,2,1.5298,1,4.6743,1,0.0231,1
104.0,2,4.4996,2,32.9489,2,268.2702,2,1.5313,1,4.6725,1,0.0225,1
106.0,2,4.4532,2,32.971,2,267.9341,2,1.5345,1,4.6742,1,0.0221,1
108.0,2,4.3769,2,33.0058,2,263.4693,2,1.5341,1,4.6741,1,0.0216,1
110.0,2,4.3522,2,33.0192,2,255.9923,2,1.5376,1,4.6748,1,0.0219,1
112.0,2,4.3136,2,33.0531,2,255.7646,2,1.5389,1,4.6759,1,0.0223,1
114.0,2,4.3103,2,33.064,2,246.4277,2,1.5386,1,4.6776,1,0.0215,1
116.0,2,4.2611,2,33.1155,2,240.5913,2,1.5394,1,4.6793,1,0.0199,1
118.0,2,4.2621,2,33.1677,2,230.4335,2,1.5413,1,4.6825,1,0.0207,1
120.0,2,4.2687,2,33.216,2,204.9622,2,1.5436,1,4.6823,1,0.0202,1
122.0,2,4.267,2,33.2338,2,192.9042,2,1.546,1,4.6829,1,0.0201,1
124.0,2,4.2668,2,33.2401,2,195.9289,2,1.5463,1,4.6837,1,0.019,1
126.0,2,4.2643,2,33.2639,2,196.4443,2,1.5469,1,4.6761,1,0.0189,1
128.0,2,4.2573,2,33.2828,2,189.9576,2,1.5497,1,4.6806,1,0.0199,1
130.0,2,4.2492,2,33.3031,2,185.8105,2,1.5508,1,4.6838,1,0.0186,1
132.0,2,4.2586,2,33.3317,2,184.2804,2,1.5509,1,4.6838,1,0.0192,1
134.0,2,4.2543,2,33.3218,2,174.1184,2,1.5534,1,4.6828,1,0.0195,1
136.0,2,4.2399,2,33.3806,2,169.232,2,1.556,1,4.6846,1,0.0195,1
138.0,2,4.2465,2,33.4032,2,160.4685,2,1.5567,1,4.6842,1,0.0195,1
140.0,2,4.2593,2,33.4325,2,155.7196,2,1.5573,1,4.6837,1,0.0187,1
142.0,2,4.2569,2,33.458,2,149.5057,2,1.5584,1,4.6842,1,0.0181,1
144.0,2,4.2362,2,33.499,2,141.7275,2,1.5593,1,4.6835,1,0.0182,1
146.0,2,4.218,2,33.5117,2,131.955,2,1.56,1,4.6836,1,0.019,1
148.0,2,4.2064,2,33.5382,2,129.8279,2,1.5601,1,4.6829,1,0.019,1
150.0,2,4.1959,2,33.5845,2,120.7684,2,1.5624,1,4.6824,1,0.0191,1
152.0,2,4.175,2,33.6069,2,114.3465,2,1.5635,1,4.6769,1,0.0195,1
154.0,2,4.1734,2,33.617,2,108.9213,2,1.5636,1,4.6817,1,0.0195,1
156.0,2,4.1771,2,33.6234,2,107.0101,2,1.565,1,4.6818,1,0.0182,1
158.0,2,4.1799,2,33.633,2,105.6472,2,1.5662,1,4.6828,1,0.0186,1
160.0,2,4.1797,2,33.6364,2,104.4084,2,1.5671,1,4.6829,1,0.019,1
162.0,2,4.1797,2,33.64,2,104.5862,2,1.5685,1,4.6836,1,0.0181,1
164.0,2,4.1769,2,33.6437,2,103.9803,2,1.5697,1,4.6837,1,0.0189,1
166.0,2,4.1657,2,33.6526,2,103.34,2,1.5702,1,4.6805,1,0.019,1
168.0,2,4.1484,2,33.6684,2,101.4171,2,1.5704,1,4.6838,1,0.0182,1
170.0,2,4.0928,2,33.6824,2,95.0528,2,1.5717,1,4.6848,1,0.0181,1
172.0,2,4.083,2,33.6968,2,87.8504,2,1.574,1,4.6858,1,0.018,1
174.0,2,4.0852,2,33.7016,2,86.3075,2,1.5751,1,4.6856,1,0.0181,1
176.0,2,4.0754,2,33.7113,2,86.6737,2,1.5754,1,4.6853,1,0.0181,1
178.0,2,4.0681,2,33.7205,2,84.9857,2,1.576,1,4.6839,1,0.018,1
180.0,2,4.0519,2,33.7392,2,81.7081,2,1.5783,1,4.6848,1,0.018,1
182.0,2,4.029,2,33.7444,2,75.7992,2,1.5803,1,4.6855,1,0.0181,1
184.0,2,4.0207,2,33.7453,2,75.9911,2,1.5822,1,4.6859,1,0.0182,1
186.0,2,4.0137,2,33.7473,2,76.4832,2,1.5832,1,4.6861,1,0.0181,1
188.0,2,4.0114,2,33.7484,2,76.3336,2,1.5841,1,4.6862,1,0.0181,1
190.0,2,4.0098,2,33.7496,2,76.0016,2,1.5863,1,4.6867,1,0.018,1
192.0,2,4.0058,2,33.7526,2,75.783,2,1.5892,1,4.6866,1,0.018,1
194.0,2,4.0075,2,33.755,2,74.7076,2,1.5923,1,4.6858,1,0.0181,1
196.0,2,4.0123,2,33.7652,2,74.2453,2,1.5948,1,4.6862,1,0.0181,1
198.0,2,4.0071,2,33.7801,2,71.3068,2,1.5973,1,4.6862,1,0.0181,1
200.0,2,4.016,2,33.7888,2,66.7866,2,1.5998,1,4.6867,1,0.018,1
202.0,2,4.0157,2,33.7931,2,64.6013,2,1.6025,1,4.6854,1,0.0181,1
204.0,2,4.0049,2,33.8023,2,63.379,2,1.6057,1,4.6855,1,0.0181,1
206.0,2,4.0068,2,33.8079,2,62.1329,2,1.6106,1,4.6862,1,0.0181,1
208.0,2,4.0163,2,33.8148,2,62.3967,2,1.6131,1,4.6867,1,0.0181,1
210.0,2,4.0215,2,33.8177,2,60.3777,2,1.6157,1,4.6859,1,0.0182,1
212.0,2,3.987,2,33.8215,2,59.5847,2,1.6208,1,4.6844,1,0.0181,1
214.0,2,3.9695,2,33.8236,2,59.7839,2,1.6252,1,4.6849,1,0.0181,1
216.0,2,3.9396,2,33.8078,2,57.1023,2,1.6272,1,4.6864,1,0.0182,1
218.0,2,3.9255,2,33.8267,2,55.7531,2,1.6312,1,4.686,1,0.0181,1
220.0,2,3.93,2,33.8288,2,54.9921,2,1.6369,1,4.6834,1,0.0181,1
222.0,2,3.9264,2,33.8303,2,54.6242,2,1.6407,1,4.6853,1,0.018,1
224.0,2,3.9259,2,33.8307,2,54.6543,2,1.6459,1,4.686,1,0.0181,1
226.0,2,3.9221,2,33.8328,2,54.4128,2,1.6505,1,4.6861,1,0.0181,1
228.0,2,3.9113,2,33.8361,2,54.2997,2,1.652,1,4.6861,1,0.018,1
230.0,2,3.9049,2,33.8441,2,53.098,2,1.6541,1,4.6861,1,0.0181,1
232.0,2,3.9014,2,33.8471,2,49.3377,2,1.662,1,4.686,1,0.0181,1
234.0,2,3.8994,2,33.8526,2,51.3453,2,1.6692,1,4.6861,1,0.0181,1
236.0,2,3.9084,2,33.8602,2,47.67,2,1.6715,1,4.6862,1,0.018,1
238.0,2,3.8882,2,33.8609,2,46.0719,2,1.6727,1,4.6858,1,0.018,1
240.0,2,3.8774,2,33.8615,2,44.1154,2,1.6744,1,4.6846,1,0.0181,1
242.0,2,3.8787,2,33.8611,2,43.7386,2,1.6809,1,4.6852,1,0.018,1
244.0,2,3.8709,2,33.8662,2,44.8029,2,1.6879,1,4.6848,1,0.0181,1
246.0,2,3.8753,2,33.8741,2,42.2669,2,1.6922,1,4.6857,1,0.0181,1
248.0,2,3.8766,2,33.876,2,39.9633,2,1.6945,1,4.6855,1,0.0181,1
250.0,2,3.8863,2,33.8795,2,39.5584,2,1.6956,1,4.6852,1,0.0181,1
252.0,2,3.8898,2,33.8808,2,39.276,2,1.6981,1,4.6859,1,0.018,1
254.0,2,3.8953,2,33.8837,2,38.9125,2,1.704,1,4.6859,1,0.018,1
256.0,2,3.8839,2,33.8874,2,38.4678,2,1.7114,1,4.6858,1,0.0181,1
258.0,2,3.8798,2,33.8908,2,36.9572,2,1.7155,1,4.6861,1,0.018,1
260.0,2,3.8786,2,33.895,2,36.2791,2,1.7178,1,4.6861,1,0.0179,1
262.0,2,3.8751,2,33.8977,2,35.527,2,1.7197,1,4.6861,1,0.0181,1
264.0,2,3.8741,2,33.8987,2,34.3993,2,1.7223,1,4.6866,1,0.0181,1
266.0,2,3.8727,2,33.9005,2,33.9328,2,1.7285,1,4.6865,1,0.0181,1
268.0,2,3.8751,2,33.9047,2,33.8625,2,1.7352,1,4.6859,1,0.0181,1
270.0,2,3.8636,2,33.9082,2,33.2914,2,1.7395,1,4.6864,1,0.018,1
272.0,2,3.863,2,33.9096,2,32.61,2,1.743,1,4.6864,1,0.0182,1
274.0,2,3.8577,2,33.912,2,31.4078,2,1.7466,1,4.6858,1,0.0181,1
276.0,2,3.8559,2,33.9129,2,31.162,2,1.7504,1,4.6869,1,0.0181,1
278.0,2,3.8554,2,33.9132,2,30.9229,2,1.7563,1,4.686,1,0.0181,1
280.0,2,3.8525,2,33.9137,2,30.9876,2,1.7619,1,4.6867,1,0.0181,1
282.0,2,3.8477,2,33.918,2,30.7408,2,1.7667,1,4.6864,1,0.0181,1
284.0,2,3.8447,2,33.9202,2,29.7537,2,1.7715,1,4.6872,1,0.018,1
286.0,2,3.8451,2,33.9212,2,28.8535,2,1.7742,1,4.6866,1,0.018,1
288.0,2,3.8422,2,33.9238,2,29.1178,2,1.7775,1,4.6868,1,0.0181,1
290.0,2,3.8416,2,33.9259,2,28.4319,2,1.7842,1,4.6878,1,0.018,1
292.0,2,3.8481,2,33.9298,2,28.0254,2,1.7914,1,4.6876,1,0.0181,1
294.0,2,3.8425,2,33.9338,2,27.6503,2,1.7962,1,4.6872,1,0.018,1
296.0,2,3.8422,2,33.9353,2,26.893,2,1.7992,1,4.6867,1,0.018,1
298.0,2,3.843,2,33.9361,2,26.4074,2,1.8021,1,4.6869,1,0.0181,1
300.0,2,3.8451,2,33.938,2,26.3611,2,1.8079,1,4.688,1,0.018,1
302.0,2,3.8475,2,33.9415,2,26.1451,2,1.8144,1,4.6886,1,0.0181,1
304.0,2,3.8499,2,33.9454,2,25.5017,2,1.8188,1,4.6881,1,0.0181,1
306.0,2,3.8507,2,33.9475,2,25.0185,2,1.8245,1,4.6813,1,0.018,1
308.0,2,3.8513,2,33.9493,2,24.889,2,1.8305,1,4.6874,1,0.0181,1
310.0,2,3.8532,2,33.9507,2,24.8317,2,1.8356,1,4.6877,1,0.0179,1
312.0,2,3.86,2,33.9539,2,24.5222,2,1.8388,1,4.6866,1,0.018,1
314.0,2,3.8619,2,33.9563,2,24.758,2,1.8417,1,4.6869,1,0.0181,1
316.0,2,3.8597,2,33.9576,2,24.1883,2,1.8497,1,4.6882,1,0.0181,1
318.0,2,3.8548,2,33.9608,2,24.0528,2,1.8569,1,4.6883,1,0.0179,1
320.0,2,3.8581,2,33.9662,2,23.591,2,1.8596,1,4.6885,1,0.0179,1
322.0,2,3.884,2,33.9709,2,23.169,2,1.8621,1,4.688,1,0.0181,1
324.0,2,3.8874,2,33.9718,2,22.5743,2,1.8688,1,4.6888,1,0.0181,1
326.0,2,3.874,2,33.9717,2,22.6926,2,1.8758,1,4.6895,1,0.018,1
328.0,2,3.8635,2,33.9739,2,22.6428,2,1.8803,1,4.6898,1,0.0186,1
330.0,2,3.8611,2,33.9771,2,22.9401,2,1.8841,1,4.6891,1,0.0185,1
332.0,2,3.861,2,33.9789,2,22.5339,2,1.8892,1,4.6893,1,0.018,1
334.0,2,3.8582,2,33.9817,2,22.1513,2,1.8953,1,4.6881,1,0.018,1
336.0,2,3.8568,2,33.9856,2,21.9863,2,1.901,1,4.6848,1,0.0181,1
338.0,2,3.8602,2,33.9901,2,22.0714,2,1.9057,1,4.69,1,0.0181,1
340.0,2,3.861,2,33.9921,2,21.3155,2,1.9101,1,4.6909,1,0.0181,1
342.0,2,3.8539,2,33.9931,2,21.6798,2,1.914,1,4.6913,1,0.0181,1
344.0,2,3.8553,2,33.9941,2,21.2389,2,1.9221,1,4.6908,1,0.018,1
346.0,2,3.8606,2,33.9973,2,21.2382,2,1.9299,1,4.6906,1,0.018,1
348.0,2,3.8649,2,34.0022,2,21.3111,2,1.9332,1,4.6917,1,0.0181,1
350.0,2,3.8662,2,34.0033,2,21.4163,2,1.9357,1,4.6911,1,0.0182,1
352.0,2,3.8739,2,34.0063,2,21.2705,2,1.9397,1,4.6898,1,0.018,1
354.0,2,3.8717,2,34.0075,2,20.5032,2,1.9471,1,4.6926,1,0.018,1
356.0,2,3.8797,2,34.011,2,20.3979,2,1.9563,1,4.6926,1,0.0181,1
358.0,2,3.8902,2,34.015,2,20.1557,2,1.9626,1,4.6937,1,0.0181,1
360.0,2,3.8944,2,34.0159,2,20.0651,2,1.9656,1,4.6925,1,0.0181,1
362.0,2,3.8837,2,34.0173,2,19.5209,2,1.9683,1,4.6907,1,0.0181,1
364.0,2,3.887,2,34.0179,2,19.872,2,1.9757,1,4.693,1,0.0181,1
366.0,2,3.8829,2,34.0221,2,19.9596,2,1.9849,1,4.6932,1,0.0181,1
368.0,2,3.8556,2,34.0258,2,19.6707,2,1.9891,1,4.6929,1,0.0181,1
370.0,2,3.8425,2,34.0264,2,20.0461,2,1.9937,1,4.6936,1,0.018,1
372.0,2,3.8396,2,34.0278,2,20.1844,2,2.0004,1,4.6941,1,0.018,1
374.0,2,3.83,2,34.0296,2,20.0998,2,2.006,1,4.6925,1,0.0181,1
376.0,2,3.8323,2,34.0323,2,20.1474,2,2.0101,1,4.6921,1,0.0181,1
378.0,2,3.851,2,34.036,2,20.1139,2,2.0177,1,4.6944,1,0.018,1
380.0,2,3.8816,2,34.0432,2,20.0876,2,2.0247,1,4.6926,1,0.0181,1
382.0,2,3.8492,2,34.0437,2,19.307,2,2.0295,1,4.6948,1,0.0179,1
384.0,2,3.8489,2,34.0479,2,19.3836,2,2.0351,1,4.6946,1,0.0181,1
386.0,2,3.8519,2,34.0518,2,19.4101,2,2.0405,1,4.6952,1,0.018,1
388.0,2,3.8437,2,34.0527,2,19.2277,2,2.0475,1,4.6952,1,0.0181,1
390.0,2,3.8354,2,34.056,2,19.0457,2,2.0549,1,4.6939,1,0.018,1
392.0,2,3.8399,2,34.0602,2,18.8146,2,2.0609,1,4.6936,1,0.0181,1
394.0,2,3.843,2,34.0628,2,19.1043,2,2.066,1,4.6907,1,0.0181,1
396.0,2,3.8398,2,34.0643,2,18.8264,2,2.0706,1,4.6958,1,0.018,1
398.0,2,3.8418,2,34.0664,2,18.8811,2,2.079,1,4.6949,1,0.0179,1
400.0,2,3.824,2,34.0695,2,18.6771,2,2.0875,1,4.6936,1,0.018,1
402.0,2,3.8166,2,34.0722,2,18.5432,2,2.0913,1,4.6958,1,0.0181,1
404.0,2,3.8321,2,34.0746,2,18.706,2,2.0957,1,4.6961,1,0.0181,1
406.0,2,3.8351,2,34.0761,2,18.3385,2,2.1022,1,4.6963,1,0.018,1
408.0,2,3.8388,2,34.0787,2,18.3174,2,2.1095,1,4.6953,1,0.018,1
410.0,2,3.8381,2,34.0793,2,18.3996,2,2.1169,1,4.6955,1,0.018,1
412.0,2,3.8374,2,34.0801,2,18.4921,2,2.1227,1,4.6947,1,0.018,1
414.0,2,3.8369,2,34.0806,2,18.5074,2,2.1296,1,4.6961,1,0.0179,1
416.0,2,3.8343,2,34.0832,2,18.4677,2,2.138,1,4.695,1,0.0181,1
418.0,2,3.8313,2,34.0849,2,17.7568,2,2.1421,1,4.6961,1,0.0181,1
420.0,2,3.8298,2,34.0867,2,18.3815,2,2.1432,1,4.6971,1,0.0181,1
422.0,2,3.8287,2,34.0877,2,18.2494,2,2.1478,1,4.6966,1,0.0181,1
424.0,2,3.8296,2,34.087,2,17.9929,2,2.1573,1,4.6959,1,0.018,1
426.0,2,3.8268,2,34.0898,2,18.0903,2,2.1644,1,4.6965,1,0.0181,1
428.0,2,3.8253,2,34.0909,2,17.7251,2,2.1681,1,4.6957,1,0.0181,1
430.0,2,3.8215,2,34.0936,2,17.5966,2,2.1727,1,4.6971,1,0.018,1
432.0,2,3.8194,2,34.0953,2,17.6242,2,2.1772,1,4.6965,1,0.018,1
434.0,2,3.8171,2,34.0962,2,17.7155,2,2.1805,1,4.6973,1,0.018,1
436.0,2,3.8123,2,34.0985,2,17.3042,2,2.1878,1,4.697,1,0.018,1
438.0,2,3.8099,2,34.0998,2,17.1176,2,2.1969,1,4.6966,1,0.018,1
440.0,2,3.8097,2,34.1002,2,17.4709,2,2.2019,1,4.6943,1,0.018,1
442.0,2,3.8089,2,34.1006,2,16.841,2,2.204,1,4.6972,1,0.0179,1
444.0,2,3.8072,2,34.1012,2,17.1334,2,2.2066,1,4.6963,1,0.018,1
446.0,2,3.8048,2,34.1026,2,17.2561,2,2.2115,1,4.6966,1,0.0181,1
448.0,2,3.8056,2,34.1023,2,16.9633,2,2.2228,1,4.6977,1,0.018,1
450.0,2,3.8003,2,34.106,2,17.1166,2,2.2317,1,4.6982,1,0.018,1
452.0,2,3.7972,2,34.1085,2,17.0322,2,2.2332,1,4.6981,1,0.0181,1
454.0,2,3.793,2,34.1109,2,16.3791,2,2.2338,1,4.6979,1,0.018,1
456.0,2,3.7896,2,34.1128,2,16.5938,2,2.235,1,4.6983,1,0.0179,1
458.0,2,3.7904,2,34.1119,2,16.6159,2,2.2428,1,4.6973,1,0.018,1
460.0,2,3.7895,2,34.1124,2,16.7389,2,2.2517,1,4.6974,1,0.0179,1
462.0,2,3.7845,2,34.1151,2,16.7762,2,2.2535,1,4.6983,1,0.018,1
464.0,2,3.783,2,34.1161,2,16.7837,2,2.2555,1,4.6983,1,0.0179,1
466.0,2,3.7816,2,34.1169,2,16.7524,2,2.2593,1,4.6984,1,0.0179,1
468.0,2,3.7787,2,34.1186,2,16.5209,2,2.2653,1,4.6985,1,0.018,1
470.0,2,3.7767,2,34.1198,2,16.5863,2,2.2716,1,4.6988,1,0.018,1
472.0,2,3.7737,2,34.1214,2,16.4235,2,2.2778,1,4.699,1,0.018,1
474.0,2,3.7702,2,34.1235,2,16.5044,2,2.2828,1,4.6988,1,0.0179,1
476.0,2,3.7675,2,34.1249,2,16.1686,2,2.2851,1,4.6989,1,0.0179,1
478.0,2,3.7606,2,34.1285,2,16.4535,2,2.2866,1,4.6988,1,0.018,1
480.0,2,3.7574,2,34.1301,2,16.4734,2,2.2905,1,4.6988,1,0.0181,1
482.0,2,3.7562,2,34.1306,2,16.386,2,2.2991,1,4.6984,1,0.018,1
484.0,2,3.7504,2,34.1337,2,16.444,2,2.3056,1,4.6991,1,0.018,1
486.0,2,3.7471,2,34.1352,2,16.5452,2,2.3081,1,4.6988,1,0.018,1
488.0,2,3.7445,2,34.1363,2,16.4233,2,2.3101,1,4.6991,1,0.0181,1
490.0,2,3.7429,2,34.137,2,16.4813,2,2.313,1,4.6991,1,0.0181,1
492.0,2,3.7452,2,34.136,2,16.4912,2,2.3211,1,4.6989,1,0.0181,1
494.0,2,3.7419,2,34.1379,2,16.5623,2,2.3268,1,4.6993,1,0.0179,1
496.0,2,3.7404,2,34.1388,2,16.4573,2,2.3289,1,4.699,1,0.018,1
498.0,2,3.739,2,34.1393,2,16.3824,2,2.3328,1,4.6991,1,0.018,1
500.0,2,3.7332,2,34.1418,2,16.167,2,2.3389,1,4.6993,1,0.018,1
502.0,2,3.7309,2,34.1428,2,16.2209,2,2.3458,1,4.6989,1,0.0181,1
504.0,2,3.7306,2,34.1432,2,16.338,2,2.3504,1,4.6986,1,0.018,1
506.0,2,3.7277,2,34.1446,2,16.1675,2,2.3525,1,4.6988,1,0.018,1
508.0,2,3.7226,2,34.1468,2,15.9971,2,2.3537,1,4.6995,1,0.0181,1
510.0,2,3.7244,2,34.1459,2,16.076,2,2.3603,1,4.6985,1,0.0181,1
512.0,2,3.7189,2,34.1481,2,16.2313,2,2.3672,1,4.699,1,0.018,1
514.0,2,3.7146,2,34.1497,2,16.1116,2,2.3704,1,4.6983,1,0.018,1
516.0,2,3.7111,2,34.151,2,16.155,2,2.3736,1,4.6993,1,0.018,1
518.0,2,3.7058,2,34.1532,2,16.2109,2,2.3774,1,4.699,1,0.0179,1
520.0,2,3.7002,2,34.1559,2,16.1909,2,2.3804,1,4.6992,1,0.0179,1
522.0,2,3.7014,2,34.1553,2,16.0773,2,2.3863,1,4.699,1,0.018,1
524.0,2,3.6983,2,34.1568,2,16.295,2,2.3935,1,4.6988,1,0.018,1
526.0,2,3.6904,2,34.1607,2,15.4919,2,2.3941,1,4.6995,1,0.0181,1
528.0,2,3.687,2,34.1622,2,16.5111,2,2.3932,1,4.6994,1,0.018,1
530.0,2,3.6801,2,34.1644,2,15.5471,2,2.3938,1,4.6995,1,0.018,1
532.0,2,3.6829,2,34.1632,2,15.8136,2,2.3998,1,4.6982,1,0.0179,1
534.0,2,3.6752,2,34.1658,2,15.8436,2,2.4008,1,4.6988,1,0.018,1
536.0,2,3.6693,2,34.1682,2,15.6145,2,2.4021,1,4.6989,1,0.018,1
538.0,2,3.6685,2,34.1686,2,15.0498,2,2.403,1,4.6992,1,0.0179,1
540.0,2,3.6659,2,34.1697,2,14.8704,2,2.4047,1,4.6996,1,0.018,1
542.0,2,3.6622,2,34.1711,2,15.0706,2,2.4073,1,4.6978,1,0.0179,1
544.0,2,3.6581,2,34.1725,2,14.7316,2,2.4126,1,4.6995,1,0.018,1
546.0,2,3.6509,2,34.1752,2,15.0568,2,2.4168,1,4.6995,1,0.018,1
548.0,2,3.6449,2,34.1776,2,14.6658,2,2.4176,1,4.6994,1,0.0181,1
550.0,2,3.6412,2,34.179,2,14.6597,2,2.4178,1,4.6996,1,0.018,1
552.0,2,3.6397,2,34.1792,2,14.827,2,2.4217,1,4.6988,1,0.018,1
554.0,2,3.6377,2,34.1801,2,14.7396,2,2.4265,1,4.6989,1,0.018,1
556.0,2,3.6361,2,34.1808,2,14.7595,2,2.4285,1,4.6995,1,0.018,1
558.0,2,3.6347,2,34.1812,2,14.5427,2,2.4315,1,4.6996,1,0.0181,1
560.0,2,3.6332,2,34.1818,2,14.6683,2,2.4365,1,4.699,1,0.018,1
562.0,2,3.6279,2,34.1841,2,14.7466,2,2.4393,1,4.6987,1,0.018,1
564.0,2,3.6171,2,34.1881,2,14.7246,2,2.4411,1,4.699,1,0.0181,1
566.0,2,3.6142,2,34.1888,2,14.6477,2,2.4445,1,4.6989,1,0.0179,1
568.0,2,3.6134,2,34.189,2,14.1291,2,2.4483,1,4.6991,1,0.018,1
570.0,2,3.6118,2,34.1895,2,14.5796,2,2.452,1,4.6991,1,0.0178,1
572.0,2,3.6102,2,34.19,2,14.5721,2,2.4561,1,4.699,1,0.018,1
574.0,2,3.6099,2,34.19,2,14.5091,2,2.4601,1,4.699,1,0.018,1
576.0,2,3.6103,2,34.19,2,14.5271,2,2.4632,1,4.6996,1,0.0179,1
578.0,2,3.6083,2,34.1906,2,14.2743,2,2.4641,1,4.6996,1,0.0181,1
580.0,2,3.6053,2,34.1917,2,14.4743,2,2.4664,1,4.6996,1,0.0179,1
582.0,2,3.6015,2,34.1936,2,14.4978,2,2.4712,1,4.6987,1,0.0179,1
584.0,2,3.5968,2,34.1951,2,14.4299,2,2.4761,1,4.6983,1,0.018,1
586.0,2,3.5905,2,34.1975,2,14.3256,2,2.4812,1,4.6994,1,0.0178,1
588.0,2,3.5859,2,34.1994,2,14.3081,2,2.4821,1,4.6988,1,0.018,1
590.0,2,3.5856,2,34.1997,2,14.4349,2,2.4819,1,4.6984,1,0.018,1
592.0,2,3.5854,2,34.1996,2,14.3643,2,2.4821,1,4.6987,1,0.018,1
594.0,2,3.5861,2,34.1993,2,14.3854,2,2.4897,1,4.6985,1,0.0178,1
596.0,2,3.5857,2,34.1998,2,14.6187,2,2.4937,1,4.699,1,0.0178,1
598.0,2,3.5826,2,34.2007,2,14.1911,2,2.4933,1,4.699,1,0.0179,1
600.0,2,3.5801,2,34.2015,2,14.3255,2,2.4926,1,4.6991,1,0.018,1
602.0,2,3.579,2,34.2017,2,14.242,2,2.4955,1,4.6989,1,0.0179,1
604.0,2,3.5766,2,34.2027,2,14.3007,2,2.501,1,4.6992,1,0.0179,1
606.0,2,3.5695,2,34.205,2,14.2136,2,2.5046,1,4.6992,1,0.0179,1
608.0,2,3.5623,2,34.2074,2,14.2259,2,2.5068,1,4.6995,1,0.018,1
610.0,2,3.5597,2,34.2086,2,14.302,2,2.5083,1,4.6983,1,0.0178,1
612.0,2,3.559,2,34.2087,2,14.2486,2,2.5095,1,4.6986,1,0.0178,1
614.0,2,3.5587,2,34.2089,2,14.1732,2,2.513,1,4.6993,1,0.0179,1
616.0,2,3.5579,2,34.2092,2,14.3025,2,2.5172,1,4.6989,1,0.0179,1
618.0,2,3.5574,2,34.2095,2,14.1498,2,2.5197,1,4.6994,1,0.0178,1
620.0,2,3.5561,2,34.2099,2,14.1106,2,2.5214,1,4.6984,1,0.0179,1
622.0,2,3.5555,2,34.2101,2,14.3774,2,2.5249,1,4.699,1,0.0179,1
624.0,2,3.5533,2,34.2119,2,13.889,2,2.5268,1,4.6992,1,0.0179,1
626.0,2,3.5507,2,34.2145,2,14.2783,2,2.5273,1,4.6984,1,0.0177,1
628.0,2,3.549,2,34.2148,2,14.5654,2,2.5317,1,4.699,1,0.0179,1
630.0,2,3.549,2,34.2168,2,14.4247,2,2.536,1,4.6984,1,0.018,1
632.0,2,3.5491,2,34.217,2,14.9119,2,2.5385,1,4.6985,1,0.018,1
634.0,2,3.5451,2,34.2176,2,14.7995,2,2.5408,1,4.6982,1,0.0178,1
636.0,2,3.5353,2,34.2197,2,14.5811,2,2.5411,1,4.6984,1,0.0179,1
638.0,2,3.5325,2,34.22,2,13.986,2,2.5438,1,4.6992,1,0.0179,1
640.0,2,3.5314,2,34.2203,2,13.6848,2,2.5484,1,4.6958,1,0.0179,1
642.0,2,3.5254,2,34.2237,2,13.9677,2,2.5516,1,4.6989,1,0.0179,1
644.0,2,3.5206,2,34.2259,2,14.1292,2,2.5541,1,4.699,1,0.018,1
646.0,2,3.5189,2,34.2269,2,13.9795,2,2.5572,1,4.6988,1,0.0179,1
648.0,2,3.5191,2,34.2271,2,14.4065,2,2.5599,1,4.6986,1,0.0179,1
650.0,2,3.5164,2,34.2289,2,14.3066,2,2.5604,1,4.6986,1,0.018,1
652.0,2,3.513,2,34.2303,2,14.132,2,2.5598,1,4.6983,1,0.0178,1
654.0,2,3.513,2,34.2301,2,14.3497,2,2.565,1,4.6979,1,0.0179,1
656.0,2,3.5047,2,34.2338,2,14.2494,2,2.5696,1,4.6983,1,0.018,1
658.0,2,3.4995,2,34.236,2,14.2268,2,2.5689,1,4.6979,1,0.018,1
660.0,2,3.4945,2,34.2375,2,14.7752,2,2.5678,1,4.6981,1,0.018,1
662.0,2,3.4905,2,34.2383,2,14.6867,2,2.5681,1,4.6977,1,0.0181,1
664.0,2,3.4913,2,34.2378,2,14.4649,2,2.5742,1,4.6972,1,0.0178,1
666.0,2,3.4785,2,34.241,2,14.471,2,2.5753,1,4.6975,1,0.0178,1
668.0,2,3.4708,2,34.2432,2,14.4356,2,2.5753,1,4.6978,1,0.0178,1
670.0,2,3.4684,2,34.2437,2,14.3474,2,2.5746,1,4.6975,1,0.0179,1
672.0,2,3.4693,2,34.2432,2,14.0977,2,2.5778,1,4.6975,1,0.0179,1
674.0,2,3.4662,2,34.2441,2,14.2875,2,2.5814,1,4.6977,1,0.0179,1
676.0,2,3.4631,2,34.245,2,14.4092,2,2.5802,1,4.6975,1,0.0179,1
678.0,2,3.4616,2,34.2455,2,14.2057,2,2.5791,1,4.6973,1,0.0178,1
680.0,2,3.4591,2,34.246,2,14.3433,2,2.5811,1,4.6973,1,0.0179,1
682.0,2,3.4575,2,34.2461,2,14.1153,2,2.589,1,4.6975,1,0.018,1
684.0,2,3.4409,2,34.2498,2,14.4714,2,2.5872,1,4.6983,1,0.0178,1
686.0,2,3.4348,2,34.2505,2,14.1888,2,2.5848,1,4.6983,1,0.0178,1
688.0,2,3.4334,2,34.2504,2,13.738,2,2.5831,1,4.6984,1,0.0179,1
690.0,2,3.434,2,34.2501,2,13.6903,2,2.5855,1,4.6988,1,0.018,1
692.0,2,3.4322,2,34.2512,2,13.8615,2,2.5889,1,4.6975,1,0.018,1
694.0,2,3.4248,2,34.2545,2,13.9636,2,2.5892,1,4.6976,1,0.018,1
696.0,2,3.4216,2,34.256,2,13.9692,2,2.5884,1,4.698,1,0.0179,1
698.0,2,3.4183,2,34.2576,2,13.926,2,2.5879,1,4.6978,1,0.0178,1
700.0,2,3.416,2,34.2586,2,13.9298,2,2.588,1,4.6981,1,0.0178,1
702.0,2,3.416,2,34.2581,2,13.9747,2,2.5909,1,4.6975,1,0.0178,1
704.0,2,3.4046,2,34.2605,2,13.9404,2,2.5936,1,4.6979,1,0.018,1
706.0,2,3.3943,2,34.2631,2,13.9069,2,2.5925,1,4.698,1,0.0179,1
708.0,2,3.3896,2,34.2637,2,13.8364,2,2.5914,1,4.6982,1,0.0178,1
710.0,2,3.3847,2,34.2646,2,13.4879,2,2.5925,1,4.6979,1,0.018,1
712.0,2,3.3793,2,34.2656,2,13.6389,2,2.596,1,4.6982,1,0.0179,1
714.0,2,3.3749,2,34.2667,2,13.5998,2,2.5977,1,4.6984,1,0.0179,1
716.0,2,3.3735,2,34.2674,2,13.3484,2,2.5993,1,4.6985,1,0.018,1
718.0,2,3.3734,2,34.2675,2,13.5999,2,2.5995,1,4.6984,1,0.0179,1
720.0,2,3.3731,2,34.2675,2,13.5404,2,2.6001,1,4.6984,1,0.0178,1
722.0,2,3.3718,2,34.268,2,13.629,2,2.6034,1,4.6984,1,0.0177,1
724.0,2,3.3695,2,34.2686,2,13.5759,2,2.6047,1,4.6985,1,0.0177,1
726.0,2,3.3633,2,34.2696,2,13.5567,2,2.6054,1,4.6991,1,0.0177,1
728.0,2,3.3573,2,34.2711,2,13.54,2,2.6062,1,4.6995,1,0.0178,1
730.0,2,3.3538,2,34.2712,2,13.1902,2,2.6083,1,4.6995,1,0.0177,1
732.0,2,3.3447,2,34.2723,2,13.2797,2,2.6101,1,4.6996,1,0.0179,1
734.0,2,3.3354,2,34.2739,2,13.1402,2,2.6102,1,4.6996,1,0.0179,1
736.0,2,3.3342,2,34.2739,2,12.8083,2,2.6123,1,4.6997,1,0.0179,1
738.0,2,3.3315,2,34.2743,2,12.6806,2,2.6153,1,4.6997,1,0.0179,1
740.0,2,3.3279,2,34.2751,2,12.9975,2,2.6172,1,4.6997,1,0.0179,1
742.0,2,3.3254,2,34.2756,2,12.9992,2,2.6182,1,4.6999,1,0.0179,1
744.0,2,3.3237,2,34.2758,2,12.8877,2,2.6196,1,4.6999,1,0.0178,1
746.0,2,3.3216,2,34.2762,2,12.9727,2,2.6218,1,4.6996,1,0.0178,1
748.0,2,3.3204,2,34.2765,2,12.636,2,2.6238,1,4.6996,1,0.0177,1
750.0,2,3.3195,2,34.2766,2,12.845,2,2.6251,1,4.6997,1,0.0179,1
752.0,2,3.3188,2,34.2767,2,12.8146,2,2.6265,1,4.6986,1,0.0179,1
754.0,2,3.3168,2,34.2771,2,12.8632,2,2.6289,1,4.6982,1,0.0178,1
756.0,2,3.3163,2,34.2772,2,12.8786,2,2.6312,1,4.7002,1,0.0178,1
758.0,2,3.3154,2,34.2774,2,13.0298,2,2.6322,1,4.6989,1,0.0179,1
760.0,2,3.3084,2,34.279,2,12.7912,2,2.6334,1,4.7002,1,0.0179,1
762.0,2,3.3059,2,34.2797,2,12.895,2,2.6364,1,4.7,1,0.0179,1
764.0,2,3.2967,2,34.2824,2,12.904,2,2.6374,1,4.7006,1,0.0178,1
766.0,2,3.2902,2,34.2842,2,12.9096,2,2.6364,1,4.7007,1,0.0177,1
768.0,2,3.2862,2,34.285,2,12.8132,2,2.6386,1,4.6993,1,0.0178,1
770.0,2,3.2825,2,34.2862,2,13.0379,2,2.6428,1,4.6997,1,0.018,1
772.0,2,3.2774,2,34.2878,2,12.793,2,2.644,1,4.6996,1,0.0179,1
774.0,2,3.2764,2,34.2882,2,12.9775,2,2.6443,1,4.6989,1,0.0179,1
776.0,2,3.2752,2,34.2884,2,12.996,2,2.6441,1,4.6998,1,0.0178,1
778.0,2,3.2705,2,34.2897,2,12.9342,2,2.6469,1,4.6996,1,0.0178,1
780.0,2,3.265,2,34.2913,2,12.9835,2,2.6514,1,4.7004,1,0.0179,1
782.0,2,3.2625,2,34.2923,2,12.8761,2,2.6544,1,4.6999,1,0.0179,1
784.0,2,3.2611,2,34.2928,2,13.045,2,2.6531,1,4.7006,1,0.0179,1
786.0,2,3.2584,2,34.2934,2,13.0059,2,2.6518,1,4.7001,1,0.0179,1
788.0,2,3.2537,2,34.2944,2,12.908,2,2.651,1,4.6998,1,0.0178,1
790.0,2,3.2549,2,34.2941,2,12.9766,2,2.6554,1,4.6989,1,0.0179,1
792.0,2,3.2424,2,34.2968,2,12.9821,2,2.6566,1,4.6997,1,0.0179,1
794.0,2,3.232,2,34.2996,2,12.9514,2,2.656,1,4.7,1,0.0179,1
796.0,2,3.2263,2,34.3011,2,12.918,2,2.6548,1,4.7,1,0.0179,1
798.0,2,3.2237,2,34.3015,2,13.037,2,2.6539,1,4.7003,1,0.018,1
800.0,2,3.2255,2,34.3009,2,12.9592,2,2.6563,1,4.6999,1,0.0179,1
802.0,2,3.2185,2,34.3025,2,13.0742,2,2.66,1,4.7003,1,0.0179,1
804.0,2,3.2149,2,34.3034,2,13.0154,2,2.6622,1,4.6999,1,0.0179,1
806.0,2,3.2121,2,34.3041,2,13.0212,2,2.6625,1,4.6998,1,0.0179,1
808.0,2,3.2069,2,34.3054,2,13.0066,2,2.6613,1,4.7,1,0.0181,1
810.0,2,3.201,2,34.3068,2,13.0399,2,2.6602,1,4.6996,1,0.0178,1
812.0,2,3.2013,2,34.3064,2,13.033,2,2.6625,1,4.6993,1,0.0179,1
814.0,2,3.1996,2,34.3068,2,13.0625,2,2.6662,1,4.6996,1,0.0179,1
816.0,2,3.1939,2,34.3082,2,13.052,2,2.667,1,4.6996,1,0.0179,1
818.0,2,3.1927,2,34.3084,2,13.0487,2,2.6667,1,4.6995,1,0.0179,1
820.0,2,3.1901,2,34.3089,2,13.1313,2,2.6666,1,4.6996,1,0.0179,1
822.0,2,3.1891,2,34.3089,2,13.1968,2,2.6692,1,4.6997,1,0.0179,1
824.0,2,3.189,2,34.3091,2,13.3475,2,2.6715,1,4.6996,1,0.018,1
826.0,2,3.1882,2,34.3092,2,13.108,2,2.6712,1,4.6995,1,0.0178,1
828.0,2,3.1846,2,34.3102,2,13.5568,2,2.6702,1,4.7001,1,0.0179,1
830.0,2,3.1841,2,34.3102,2,13.0696,2,2.6716,1,4.6994,1,0.0179,1
832.0,2,3.1826,2,34.3107,2,13.7222,2,2.675,1,4.6996,1,0.0179,1
834.0,2,3.1807,2,34.3111,2,13.0058,2,2.6727,1,4.6997,1,0.0179,1
836.0,2,3.1765,2,34.312,2,13.1456,2,2.671,1,4.6998,1,0.0179,1
838.0,2,3.1716,2,34.3132,2,12.9147,2,2.6692,1,4.6998,1,0.0181,1
840.0,2,3.1743,2,34.3124,2,13.635,2,2.6713,1,4.6995,1,0.0179,1
842.0,2,3.1727,2,34.3128,2,13.2169,2,2.6726,1,4.6995,1,0.0179,1
844.0,2,3.167,2,34.314,2,12.9805,2,2.6695,1,4.7001,1,0.0179,1
846.0,2,3.1606,2,34.3153,2,13.3938,2,2.6676,1,4.7003,1,0.018,1
848.0,2,3.1569,2,34.3159,2,13.4213,2,2.6676,1,4.7007,1,0.018,1
850.0,2,3.1555,2,34.3162,2,13.397,2,2.6713,1,4.7006,1,0.018,1
852.0,2,3.1547,2,34.3166,2,13.3215,2,2.673,1,4.7006,1,0.0181,1
854.0,2,3.1547,2,34.3167,2,13.4074,2,2.6721,1,4.7007,1,0.0179,1
856.0,2,3.1534,2,34.3172,2,13.3553,2,2.6703,1,4.7004,1,0.018,1
858.0,2,3.1519,2,34.3173,2,13.3918,2,2.6697,1,4.7002,1,0.018,1
860.0,2,3.1503,2,34.3177,2,13.3939,2,2.6721,1,4.7003,1,0.0178,1
862.0,2,3.1476,2,34.3184,2,13.3995,2,2.6737,1,4.7004,1,0.018,1
864.0,2,3.1471,2,34.3186,2,13.3941,2,2.6754,1,4.7001,1,0.018,1
866.0,2,3.1468,2,34.3188,2,13.4256,2,2.6758,1,4.6997,1,0.0179,1
868.0,2,3.1457,2,34.3193,2,13.5097,2,2.6746,1,4.7005,1,0.0178,1
870.0,2,3.1416,2,34.3206,2,13.4013,2,2.6734,1,4.7,1,0.018,1
872.0,2,3.1391,2,34.3212,2,13.384,2,2.6731,1,4.6999,1,0.018,1
874.0,2,3.1374,2,34.3216,2,13.4289,2,2.6758,1,4.6999,1,0.0179,1
876.0,2,3.1342,2,34.3236,2,13.4365,2,2.6778,1,4.7002,1,0.0179,1
878.0,2,3.1328,2,34.3253,2,13.4426,2,2.6773,1,4.6995,1,0.0178,1
880.0,2,3.1334,2,34.3256,2,13.4489,2,2.6758,1,4.6995,1,0.0179,1
882.0,2,3.1339,2,34.3256,2,13.4553,2,2.6755,1,4.6998,1,0.018,1
884.0,2,3.1341,2,34.326,2,13.4638,2,2.6779,1,4.6995,1,0.0178,1
886.0,2,3.1314,2,34.3274,2,13.4395,2,2.6799,1,4.6999,1,0.0179,1
888.0,2,3.1261,2,34.329,2,13.4795,2,2.6808,1,4.6997,1,0.0181,1
890.0,2,3.124,2,34.3294,2,13.4138,2,2.6808,1,4.6996,1,0.0182,1
892.0,2,3.121,2,34.3299,2,13.4854,2,2.6807,1,4.6997,1,0.0177,1
894.0,2,3.1149,2,34.3315,2,13.4181,2,2.6821,1,4.6996,1,0.0179,1
896.0,2,3.1087,2,34.3332,2,13.6149,2,2.6829,1,4.6998,1,0.018,1
898.0,2,3.1056,2,34.3337,2,13.5607,2,2.6824,1,4.6998,1,0.018,1
900.0,2,3.1046,2,34.3337,2,13.5011,2,2.6838,1,4.7,1,0.0179,1
902.0,2,3.1003,2,34.3347,2,13.5391,2,2.6858,1,4.6992,1,0.0177,1
904.0,2,3.0977,2,34.3355,2,13.444,2,2.6854,1,4.6998,1,0.0179,1
906.0,2,3.0955,2,34.336,2,13.5665,2,2.6851,1,4.6999,1,0.0178,1
908.0,2,3.0895,2,34.3377,2,13.5114,2,2.6853,1,4.7,1,0.0179,1
910.0,2,3.0863,2,34.3385,2,13.5827,2,2.6873,1,4.6999,1,0.0179,1
912.0,2,3.0814,2,34.34,2,13.5393,2,2.6885,1,4.6999,1,0.0181,1
914.0,2,3.0793,2,34.3409,2,13.5121,2,2.6897,1,4.7003,1,0.018,1
916.0,2,3.0783,2,34.3409,2,13.603,2,2.6909,1,4.6998,1,0.018,1
918.0,2,3.077,2,34.3415,2,13.5536,2,2.6926,1,4.6997,1,0.0182,1
920.0,2,3.0667,2,34.3436,2,13.4768,2,2.6911,1,4.6992,1,0.0181,1
922.0,2,3.0584,2,34.3453,2,13.5716,2,2.6897,1,4.6976,1,0.0182,1
924.0,2,3.0616,2,34.3444,2,13.6003,2,2.692,1,4.6997,1,0.0181,1
926.0,2,3.0563,2,34.3455,2,13.5885,2,2.6935,1,4.6994,1,0.0181,1
928.0,2,3.0553,2,34.3456,2,13.5894,2,2.694,1,4.7002,1,0.0181,1
930.0,2,3.0545,2,34.3457,2,13.6176,2,2.6947,1,4.7,1,0.0181,1
932.0,2,3.0516,2,34.3461,2,13.7489,2,2.6949,1,4.6999,1,0.0179,1
934.0,2,3.0492,2,34.3465,2,13.5984,2,2.6949,1,4.6997,1,0.018,1
936.0,2,3.0464,2,34.3466,2,13.7354,2,2.6963,1,4.6987,1,0.0179,1
938.0,2,3.0446,2,34.3468,2,13.647,2,2.699,1,4.6983,1,0.0178,1
940.0,2,3.0436,2,34.3471,2,13.6492,2,2.6997,1,4.7,1,0.0179,1
942.0,2,3.0417,2,34.3475,2,13.7408,2,2.699,1,4.6999,1,0.0182,1
944.0,2,3.0402,2,34.3478,2,13.6723,2,2.6975,1,4.6998,1,0.0182,1
946.0,2,3.0399,2,34.3477,2,13.7662,2,2.6987,1,4.6997,1,0.0179,1
948.0,2,3.0395,2,34.3478,2,13.9725,2,2.7005,1,4.6995,1,0.0178,1
950.0,2,3.0384,2,34.3479,2,13.5052,2,2.6995,1,4.6996,1,0.0179,1
952.0,2,3.0374,2,34.3477,2,13.9452,2,2.7002,1,4.6997,1,0.0181,1
954.0,2,3.0335,2,34.3479,2,13.5196,2,2.7019,1,4.6999,1,0.0179,1
956.0,2,3.0191,2,34.35,2,13.8643,2,2.7027,1,4.7002,1,0.0178,1
958.0,2,3.013,2,34.3509,2,13.6793,2,2.7033,1,4.7001,1,0.0179,1
960.0,2,3.0088,2,34.3516,2,14.1334,2,2.7046,1,4.7005,1,0.0179,1
962.0,2,3.0042,2,34.3527,2,13.9021,2,2.7065,1,4.7001,1,0.0178,1
964.0,2,2.9898,2,34.3559,2,13.8649,2,2.7066,1,4.6998,1,0.018,1
966.0,2,2.988,2,34.3562,2,13.9638,2,2.7075,1,4.7,1,0.0179,1
968.0,2,2.9873,2,34.3563,2,14.0579,2,2.7087,1,4.7004,1,0.0176,1
970.0,2,2.9831,2,34.3572,2,13.834,2,2.708,1,4.6998,1,0.018,1
972.0,2,2.9804,2,34.3575,2,14.0997,2,2.7073,1,4.7003,1,0.0178,1
974.0,2,2.9793,2,34.3574,2,14.1881,2,2.7096,1,4.6999,1,0.0179,1
976.0,2,2.9784,2,34.3576,2,14.0946,2,2.7126,1,4.7005,1,0.0178,1
978.0,2,2.9775,2,34.3576,2,14.3824,2,2.713,1,4.7004,1,0.0179,1
980.0,2,2.9774,2,34.3575,2,14.2381,2,2.7127,1,4.7007,1,0.018,1
982.0,2,2.9762,2,34.3575,2,14.2164,2,2.7133,1,4.7005,1,0.0177,1
984.0,2,2.9714,2,34.3582,2,14.1946,2,2.7147,1,4.7006,1,0.018,1
986.0,2,2.9636,2,34.3597,2,14.4285,2,2.7158,1,4.7007,1,0.0178,1
988.0,2,2.9559,2,34.3617,2,14.6171,2,2.7168,1,4.7007,1,0.0179,1
990.0,2,2.9502,2,34.3633,2,14.5622,2,2.7189,1,4.7007,1,0.0179,1
992.0,2,2.9471,2,34.3643,2,14.4663,2,2.7196,1,4.7007,1,0.0178,1
994.0,2,2.9444,2,34.3651,2,14.4182,2,2.7188,1,4.7007,1,0.0179,1
996.0,2,2.9418,2,34.3656,2,14.4507,2,2.7175,1,4.6994,1,0.0179,1
998.0,2,2.9435,2,34.365,2,14.6023,2,2.7202,1,4.7003,1,0.0178,1
1000.0,2,2.941,2,34.3657,2,14.4496,2,2.7231,1,4.7007,1,0.0179,1
1002.0,2,2.9406,2,34.3658,2,14.6878,2,2.7246,1,4.7005,1,0.0176,1
1004.0,2,2.9404,2,34.3659,2,14.8117,2,2.7252,1,4.7006,1,0.0172,1
1006.0,2,2.9398,2,34.3661,2,14.2567,2,2.7243,1,4.7004,1,0.0177,1
1008.0,2,2.9376,2,34.3667,2,14.333,2,2.7232,1,4.7006,1,0.0179,1
1010.0,2,2.9372,2,34.3667,2,14.6138,2,2.7259,1,4.7001,1,0.0179,1
1012.0,2,2.9355,2,34.3672,2,14.5427,2,2.7289,1,4.6995,1,0.0177,1
1014.0,2,2.9342,2,34.3675,2,14.588,2,2.7278,1,4.7003,1,0.0178,1
1016.0,2,2.9289,2,34.3689,2,14.7341,2,2.7277,1,4.7007,1,0.0178,1
1018.0,2,2.9275,2,34.3694,2,14.458,2,2.7285,1,4.7007,1,0.018,1
1020.0,2,2.9278,2,34.37,2,14.4875,2,2.7304,1,4.7004,1,0.0178,1
1022.0,2,2.9275,2,34.3707,2,14.5887,2,2.733,1,4.7003,1,0.0178,1
1024.0,2,2.9255,2,34.3723,2,14.421,2,2.7351,1,4.7004,1,0.018,1
1026.0,2,2.9234,2,34.3733,2,14.503,2,2.736,1,4.7002,1,0.0179,1
1028.0,2,2.9201,2,34.3753,2,14.5525,2,2.7367,1,4.7007,1,0.0178,1
1030.0,2,2.913,2,34.3786,2,14.4616,2,2.7365,1,4.7007,1,0.018,1
1032.0,2,2.9086,2,34.38,2,14.2101,2,2.7364,1,4.7003,1,0.0178,1
1034.0,2,2.9102,2,34.3793,2,14.3087,2,2.7414,1,4.6996,1,0.0178,1
1036.0,2,2.9045,2,34.381,2,14.3059,2,2.7402,1,4.6996,1,0.0177,1
1038.0,2,2.9032,2,34.3812,2,13.9748,2,2.7385,1,4.7004,1,0.018,1
1040.0,2,2.8996,2,34.3817,2,14.3893,2,2.7375,1,4.7004,1,0.0177,1
1042.0,2,2.8975,2,34.382,2,14.3148,2,2.7395,1,4.6997,1,0.0179,1
1044.0,2,2.8821,2,34.385,2,14.4187,2,2.7423,1,4.7,1,0.018,1
1046.0,2,2.8763,2,34.386,2,14.4082,2,2.7426,1,4.7001,1,0.0177,1
1048.0,2,2.8737,2,34.386,2,14.3369,2,2.7409,1,4.7007,1,0.0177,1
1050.0,2,2.8727,2,34.3861,2,14.6436,2,2.7394,1,4.7007,1,0.0177,1
1052.0,2,2.8728,2,34.3858,2,14.908,2,2.7406,1,4.7002,1,0.0179,1
1054.0,2,2.8591,2,34.3878,2,14.6555,2,2.743,1,4.7005,1,0.0179,1
1056.0,2,2.8534,2,34.3891,2,14.6398,2,2.7435,1,4.7006,1,0.0178,1
1058.0,2,2.8428,2,34.3896,2,15.3876,2,2.7426,1,4.7004,1,0.0178,1
1060.0,2,2.8341,2,34.3902,2,15.0973,2,2.7432,1,4.7007,1,0.0179,1
1062.0,2,2.8266,2,34.3909,2,15.8244,2,2.7446,1,4.7008,1,0.018,1
1064.0,2,2.8232,2,34.3913,2,15.9564,2,2.7459,1,4.7006,1,0.0179,1
1066.0,2,2.8208,2,34.3918,2,16.0978,2,2.7473,1,4.7008,1,0.0179,1
1068.0,2,2.8199,2,34.3923,2,15.7769,2,2.746,1,4.7008,1,0.0179,1
1070.0,2,2.8176,2,34.393,2,15.6206,2,2.7455,1,4.7004,1,0.0178,1
1072.0,2,2.8162,2,34.3936,2,15.5876,2,2.7481,1,4.7007,1,0.0178,1
1074.0,2,2.8134,2,34.3947,2,15.6434,2,2.7498,1,4.7009,1,0.0178,1
1076.0,2,2.8121,2,34.3951,2,15.647,2,2.7496,1,4.7009,1,0.0177,1
1078.0,2,2.8096,2,34.3954,2,15.6213,2,2.7486,1,4.7008,1,0.0177,1
1080.0,2,2.8092,2,34.3953,2,15.666,2,2.7497,1,4.7007,1,0.0178,1
1082.0,2,2.8083,2,34.3956,2,15.6691,2,2.752,1,4.7006,1,0.018,1
1084.0,2,2.8049,2,34.3966,2,15.7409,2,2.7514,1,4.7008,1,0.0178,1
1086.0,2,2.8046,2,34.3967,2,15.8343,2,2.7502,1,4.7008,1,0.0178,1
1088.0,2,2.8054,2,34.3967,2,15.6997,2,2.7524,1,4.7007,1,0.0178,1
1090.0,2,2.8049,2,34.3973,2,15.6459,2,2.7541,1,4.7001,1,0.0178,1
1092.0,2,2.804,2,34.3978,2,15.6281,2,2.7535,1,4.7007,1,0.0178,1
1094.0,2,2.8036,2,34.3977,2,15.6707,2,2.7557,1,4.6998,1,0.0178,1
1096.0,2,2.797,2,34.3983,2,15.5508,2,2.7577,1,4.6994,1,0.0179,1
1098.0,2,2.7899,2,34.3996,2,15.9019,2,2.7567,1,4.7007,1,0.0178,1
1100.0,2,2.7882,2,34.4016,2,15.546,2,2.7549,1,4.7007,1,0.0179,1
1102.0,2,2.7878,2,34.4018,2,16.2571,2,2.7547,1,4.7006,1,0.0177,1
1104.0,2,2.7856,2,34.4024,2,16.0314,2,2.7582,1,4.7003,1,0.0178,1
1106.0,2,2.778,2,34.4048,2,15.9726,2,2.7575,1,4.7007,1,0.0178,1
1108.0,2,2.7766,2,34.4051,2,15.8018,2,2.7569,1,4.7008,1,0.0178,1
1110.0,2,2.7756,2,34.4054,2,16.0233,2,2.7569,1,4.7007,1,0.0178,1
1112.0,2,2.7743,2,34.4056,2,15.699,2,2.7567,1,4.7007,1,0.0178,1
1114.0,2,2.7738,2,34.4056,2,15.7995,2,2.7585,1,4.6996,1,0.0178,1
1116.0,2,2.7737,2,34.4059,2,16.1389,2,2.76,1,4.7002,1,0.0178,1
1118.0,2,2.7727,2,34.4061,2,15.9742,2,2.7595,1,4.7007,1,0.0178,1
1120.0,2,2.7705,2,34.4064,2,15.8574,2,2.7602,1,4.7005,1,0.0178,1
1122.0,2,2.7675,2,34.4071,2,16.0259,2,2.7623,1,4.7008,1,0.0179,1
1124.0,2,2.7644,2,34.4076,2,15.7431,2,2.7629,1,4.7008,1,0.0179,1
1126.0,2,2.763,2,34.4078,2,16.015,2,2.7623,1,4.7008,1,0.0178,1
1128.0,2,2.7633,2,34.4077,2,16.1117,2,2.7636,1,4.7006,1,0.0179,1
1130.0,2,2.7619,2,34.4081,2,16.0571,2,2.7655,1,4.7008,1,0.0178,1
1132.0,2,2.7589,2,34.409,2,15.9671,2,2.7643,1,4.7006,1,0.0178,1
1134.0,2,2.7538,2,34.4097,2,16.0046,2,2.7631,1,4.7004,1,0.0178,1
1136.0,2,2.7509,2,34.4098,2,16.0954,2,2.7629,1,4.7002,1,0.0178,1
1138.0,2,2.7478,2,34.4103,2,16.455,2,2.7664,1,4.7008,1,0.0178,1
1140.0,2,2.7399,2,34.4118,2,16.4407,2,2.7692,1,4.7008,1,0.0179,1
1142.0,2,2.736,2,34.4123,2,16.2766,2,2.7694,1,4.7008,1,0.0177,1
1144.0,2,2.7319,2,34.4133,2,16.8778,2,2.7686,1,4.7008,1,0.0178,1
1146.0,2,2.7298,2,34.4137,2,16.6788,2,2.7686,1,4.7012,1,0.0178,1
1148.0,2,2.7291,2,34.4138,2,16.7682,2,2.7704,1,4.7009,1,0.0177,1
1150.0,2,2.7285,2,34.4141,2,16.9163,2,2.7726,1,4.7007,1,0.0178,1
1152.0,2,2.7267,2,34.4154,2,16.7853,2,2.7741,1,4.7006,1,0.0178,1
1154.0,2,2.7225,2,34.4163,2,16.3951,2,2.7741,1,4.7004,1,0.0177,1
1156.0,2,2.7188,2,34.4169,2,16.8382,2,2.7743,1,4.6993,1,0.0178,1
1158.0,2,2.7194,2,34.4176,2,16.9975,2,2.776,1,4.6999,1,0.0178,1
1160.0,2,2.7182,2,34.4179,2,16.5853,2,2.7765,1,4.7008,1,0.0179,1
1162.0,2,2.7117,2,34.4178,2,16.6193,2,2.778,1,4.7011,1,0.0177,1
1164.0,2,2.7038,2,34.4187,2,17.1155,2,2.78,1,4.7008,1,0.0177,1
1166.0,2,2.6994,2,34.4211,2,17.2027,2,2.7798,1,4.7008,1,0.0177,1
1168.0,2,2.6951,2,34.4227,2,17.5614,2,2.7795,1,4.7009,1,0.0178,1
1170.0,2,2.6942,2,34.4232,2,16.9922,2,2.7818,1,4.6996,1,0.0178,1
1172.0,2,2.693,2,34.4238,2,17.2112,2,2.7842,1,4.7008,1,0.0178,1
1174.0,2,2.6922,2,34.4241,2,16.9334,2,2.7843,1,4.6998,1,0.0178,1
1176.0,2,2.6921,2,34.4242,2,17.1155,2,2.7841,1,4.7004,1,0.0178,1
1178.0,2,2.6923,2,34.424,2,17.0228,2,2.7866,1,4.7009,1,0.0178,1
1180.0,2,2.6915,2,34.4244,2,16.8226,2,2.7889,1,4.7008,1,0.0177,1
1182.0,2,2.6904,2,34.4247,2,17.25,2,2.7881,1,4.7005,1,0.0178,1
1184.0,2,2.6878,2,34.4252,2,16.931,2,2.7875,1,4.7009,1,0.0178,1
1186.0,2,2.6864,2,34.4254,2,17.0763,2,2.7876,1,4.7008,1,0.0178,1
1188.0,2,2.6862,2,34.4253,2,17.1724,2,2.7926,1,4.7008,1,0.0178,1
1190.0,2,2.6827,2,34.4263,2,17.2249,2,2.7952,1,4.7002,1,0.0179,1
1192.0,2,2.6733,2,34.4279,2,17.1427,2,2.795,1,4.7009,1,0.0177,1
1194.0,2,2.6665,2,34.4293,2,17.1426,2,2.7947,1,4.7011,1,0.0177,1
1196.0,2,2.662,2,34.4301,2,17.3319,2,2.7946,1,4.7009,1,0.0177,1
1198.0,2,2.6581,2,34.4305,2,17.8232,2,2.7974,1,4.7008,1,0.0178,1
1200.0,2,2.6556,2,34.4311,2,18.0475,2,2.8011,1,4.7008,1,0.0178,1
1202.0,2,2.6538,2,34.4314,2,17.9542,2,2.8039,1,4.7008,1,0.0177,1
1204.0,2,2.6521,2,34.4321,2,17.897,2,2.8054,1,4.7012,1,0.0178,1
1206.0,2,2.6508,2,34.4326,2,18.1446,2,2.8046,1,4.7008,1,0.0179,1
1208.0,2,2.6496,2,34.4327,2,17.9642,2,2.8037,1,4.7008,1,0.0178,1
1210.0,2,2.649,2,34.4326,2,17.9794,2,2.8066,1,4.7008,1,0.0178,1
1212.0,2,2.6481,2,34.433,2,17.9618,2,2.8102,1,4.7008,1,0.0178,1
1214.0,2,2.6477,2,34.4331,2,17.9112,2,2.8116,1,4.7008,1,0.0178,1
1216.0,2,2.6469,2,34.4332,2,17.924,2,2.8135,1,4.701,1,0.0179,1
1218.0,2,2.6462,2,34.4337,2,17.8707,2,2.8149,1,4.7006,1,0.0178,1
1220.0,2,2.6458,2,34.4336,2,17.9756,2,2.816,1,4.701,1,0.0178,1
1222.0,2,2.6453,2,34.4338,2,17.9477,2,2.8181,1,4.6924,1,0.0177,1
1224.0,2,2.6448,2,34.434,2,17.9562,2,2.819,1,4.6935,1,0.0179,1
1226.0,2,2.6438,2,34.4341,2,17.9651,2,2.82,1,4.7008,1,0.0178,1
1228.0,2,2.6419,2,34.4347,2,17.9717,2,2.8231,1,4.7008,1,0.0178,1
1230.0,2,2.6381,2,34.4358,2,17.9335,2,2.8241,1,4.7008,1,0.0178,1
1232.0,2,2.6357,2,34.4363,2,18.0226,2,2.8242,1,4.7008,1,0.0178,1
1234.0,2,2.6331,2,34.4369,2,17.9956,2,2.8257,1,4.7006,1,0.0178,1
1236.0,2,2.6327,2,34.4368,2,18.0247,2,2.8279,1,4.7008,1,0.0178,1
1238.0,2,2.632,2,34.4369,2,18.2162,2,2.831,1,4.7011,1,0.0177,1
1240.0,2,2.6313,2,34.4372,2,18.1893,2,2.8324,1,4.7008,1,0.0178,1
1242.0,2,2.6279,2,34.4382,2,18.1902,2,2.8323,1,4.7006,1,0.0179,1
1244.0,2,2.6256,2,34.4387,2,18.3323,2,2.8322,1,4.7008,1,0.0177,1
1246.0,2,2.6246,2,34.4387,2,18.4753,2,2.8359,1,4.7008,1,0.0177,1
1248.0,2,2.5991,2,34.4439,2,18.1643,2,2.8369,1,4.7009,1,0.0176,1
1250.0,2,2.5946,2,34.4447,2,18.5551,2,2.8353,1,4.7013,1,0.0176,1
1252.0,2,2.5941,2,34.4446,2,18.9423,2,2.8354,1,4.7012,1,0.0177,1
1254.0,2,2.5969,2,34.4438,2,19.2659,2,2.8389,1,4.7008,1,0.0178,1
1256.0,2,2.5933,2,34.4448,2,19.1824,2,2.8424,1,4.7008,1,0.0178,1
1258.0,2,2.5928,2,34.4449,2,19.5429,2,2.8423,1,4.7007,1,0.0178,1
1260.0,2,2.5914,2,34.4452,2,19.2566,2,2.8422,1,4.7004,1,0.0178,1
1262.0,2,2.5912,2,34.445,2,19.0242,2,2.8453,1,4.7008,1,0.0177,1
1264.0,2,2.5906,2,34.4453,2,19.1716,2,2.8483,1,4.7007,1,0.0177,1
1266.0,2,2.5901,2,34.4455,2,18.9237,2,2.8476,1,4.7,1,0.0178,1
1268.0,2,2.5902,2,34.4453,2,19.1355,2,2.8492,1,4.7002,1,0.0177,1
1270.0,2,2.5901,2,34.4455,2,19.465,2,2.8527,1,4.7,1,0.0177,1
1272.0,2,2.589,2,34.446,2,19.1946,2,2.8524,1,4.7008,1,0.0178,1
1274.0,2,2.5779,2,34.4484,2,18.4637,2,2.8514,1,4.7011,1,0.0179,1
1276.0,2,2.5775,2,34.4481,2,19.6142,2,2.8538,1,4.701,1,0.0178,1
1278.0,2,2.5727,2,34.4487,2,19.4657,2,2.8581,1,4.7008,1,0.0177,1
1280.0,2,2.5634,2,34.4509,2,19.1925,2,2.8575,1,4.701,1,0.0178,1
1282.0,2,2.5625,2,34.451,2,20.1297,2,2.856,1,4.7012,1,0.0176,1
1284.0,2,2.5591,2,34.4514,2,20.2233,2,2.8548,1,4.7009,1,0.0177,1
1286.0,2,2.5587,2,34.4516,2,20.0596,2,2.8591,1,4.7007,1,0.0177,1
1288.0,2,2.5566,2,34.4527,2,20.2454,2,2.8607,1,4.7009,1,0.0177,1
1290.0,2,2.556,2,34.4531,2,20.1755,2,2.8587,1,4.7009,1,0.0176,1
1292.0,2,2.5552,2,34.4532,2,20.1861,2,2.8587,1,4.7011,1,0.0177,1
1294.0,2,2.5543,2,34.4534,2,19.8776,2,2.8609,1,4.7009,1,0.0178,1
1296.0,2,2.552,2,34.4539,2,20.0964,2,2.8622,1,4.6974,1,0.0177,1
1298.0,2,2.5504,2,34.4541,2,20.0936,2,2.8649,1,4.7006,1,0.0178,1
1300.0,2,2.5472,2,34.455,2,20.2648,2,2.8668,1,4.7008,1,0.0178,1
1302.0,2,2.5461,2,34.4553,2,20.1776,2,2.8664,1,4.7008,1,0.0179,1
1304.0,2,2.5431,2,34.4557,2,20.1845,2,2.866,1,4.7008,1,0.0177,1
1306.0,2,2.5418,2,34.4558,2,20.2523,2,2.8689,1,4.7008,1,0.0176,1
1308.0,2,2.5292,2,34.4587,2,20.0567,2,2.8697,1,4.7008,1,0.0178,1
1310.0,2,2.5273,2,34.4591,2,20.4018,2,2.8685,1,4.7008,1,0.0178,1
1312.0,2,2.5265,2,34.4591,2,21.2017,2,2.8681,1,4.7009,1,0.0177,1
1314.0,2,2.5228,2,34.4598,2,20.9204,2,2.8694,1,4.7011,1,0.0178,1
1316.0,2,2.5178,2,34.4606,2,21.0197,2,2.8723,1,4.7009,1,0.0178,1
1318.0,2,2.5057,2,34.4634,2,21.0223,2,2.8751,1,4.7008,1,0.0177,1
1320.0,2,2.4975,2,34.4654,2,21.5866,2,2.8749,1,4.7009,1,0.0178,1
1322.0,2,2.4959,2,34.4655,2,21.3742,2,2.8739,1,4.7008,1,0.0179,1
1324.0,2,2.4941,2,34.4657,2,21.8795,2,2.8746,1,4.7008,1,0.0178,1
1326.0,2,2.4938,2,34.4658,2,21.9905,2,2.8773,1,4.7009,1,0.0178,1
1328.0,2,2.4921,2,34.466,2,21.6617,2,2.8785,1,4.7009,1,0.0178,1
1330.0,2,2.4767,2,34.4695,2,21.9427,2,2.8795,1,4.7008,1,0.0176,1
1332.0,2,2.4745,2,34.4698,2,22.3199,2,2.8815,1,4.7013,1,0.0177,1
1334.0,2,2.4732,2,34.4702,2,22.4893,2,2.8819,1,4.7011,1,0.0177,1
1336.0,2,2.4658,2,34.4718,2,22.5696,2,2.8805,1,4.701,1,0.0177,1
1338.0,2,2.4562,2,34.4738,2,22.7254,2,2.88,1,4.7008,1,0.0177,1
1340.0,2,2.4605,2,34.4728,2,22.8585,2,2.8833,1,4.7006,1,0.0177,1
1342.0,2,2.4518,2,34.4747,2,22.7096,2,2.8859,1,4.7003,1,0.0176,1
1344.0,2,2.4469,2,34.4758,2,22.934,2,2.885,1,4.6988,1,0.0176,1
1346.0,2,2.4421,2,34.4769,2,23.0347,2,2.8829,1,4.7008,1,0.0176,1
1348.0,2,2.4352,2,34.4782,2,23.0331,2,2.8819,1,4.7015,1,0.0178,1
1350.0,2,2.4367,2,34.4778,2,23.9895,2,2.8845,1,4.701,1,0.0177,1
1352.0,2,2.4289,2,34.4794,2,23.2027,2,2.8858,1,4.7009,1,0.0177,1
1354.0,2,2.4279,2,34.4796,2,23.6691,2,2.8856,1,4.7012,1,0.0177,1
1356.0,2,2.4254,2,34.48,2,24.0041,2,2.8859,1,4.7018,1,0.0178,1
1358.0,2,2.4236,2,34.4803,2,23.7739,2,2.8868,1,4.7014,1,0.0178,1
1360.0,2,2.4212,2,34.481,2,24.5722,2,2.8866,1,4.7013,1,0.0176,1
1362.0,2,2.4173,2,34.4818,2,23.7425,2,2.8854,1,4.7018,1,0.0177,1
1364.0,2,2.4147,2,34.4821,2,24.405,2,2.8864,1,4.6999,1,0.0176,1
1366.0,2,2.4119,2,34.4828,2,24.4463,2,2.8895,1,4.7017,1,0.0177,1
1368.0,2,2.411,2,34.483,2,24.5495,2,2.8901,1,4.7011,1,0.0176,1
1370.0,2,2.4105,2,34.4834,2,24.3604,2,2.889,1,4.7013,1,0.0175,1
1372.0,2,2.4097,2,34.4834,2,24.2943,2,2.8876,1,4.7014,1,0.0177,1
1374.0,2,2.4072,2,34.4838,2,24.2692,2,2.8878,1,4.7014,1,0.0177,1
1376.0,2,2.4068,2,34.4839,2,24.7045,2,2.8906,1,4.7013,1,0.0178,1
1378.0,2,2.405,2,34.4843,2,24.538,2,2.8921,1,4.7016,1,0.0177,1
1380.0,2,2.3983,2,34.4862,2,24.8542,2,2.8918,1,4.7017,1,0.0178,1
1382.0,2,2.3935,2,34.4869,2,24.5665,2,2.8909,1,4.7015,1,0.0178,1
1384.0,2,2.3959,2,34.4864,2,25.2216,2,2.8925,1,4.7006,1,0.0177,1
1386.0,2,2.3923,2,34.4875,2,24.4106,2,2.8918,1,4.7013,1,0.0177,1
1388.0,2,2.3919,2,34.4875,2,25.1422,2,2.8904,1,4.701,1,0.0177,1
1390.0,2,2.3913,2,34.4873,2,24.9183,2,2.891,1,4.7018,1,0.0177,1
1392.0,2,2.3912,2,34.4874,2,24.9467,2,2.8938,1,4.7016,1,0.0177,1
1394.0,2,2.3907,2,34.4877,2,24.9443,2,2.8953,1,4.702,1,0.0177,1
1396.0,2,2.3907,2,34.4878,2,25.0091,2,2.8945,1,4.7018,1,0.0174,1
1398.0,2,2.3894,2,34.488,2,24.8722,2,2.8931,1,4.7011,1,0.0172,1
1400.0,2,2.3862,2,34.4887,2,25.0666,2,2.8936,1,4.7011,1,0.0177,1
1402.0,2,2.3813,2,34.4898,2,25.2633,2,2.8954,1,4.7009,1,0.0177,1
1404.0,2,2.3745,2,34.4915,2,25.0683,2,2.8933,1,4.7013,1,0.0177,1
1406.0,2,2.3724,2,34.4918,2,25.2695,2,2.8918,1,4.7014,1,0.0178,1
1408.0,2,2.3701,2,34.4921,2,25.9467,2,2.8916,1,4.7016,1,0.0178,1
1410.0,2,2.3687,2,34.4923,2,25.8445,2,2.8945,1,4.7013,1,0.0178,1
1412.0,2,2.3668,2,34.493,2,26.1387,2,2.8953,1,4.701,1,0.0178,1
1414.0,2,2.3664,2,34.4932,2,25.8603,2,2.8942,1,4.7012,1,0.0178,1
1416.0,2,2.3627,2,34.4938,2,25.6371,2,2.8929,1,4.7012,1,0.0178,1
1418.0,2,2.3606,2,34.4941,2,26.3686,2,2.8948,1,4.7011,1,0.0178,1
1420.0,2,2.3571,2,34.495,2,26.0095,2,2.8963,1,4.7016,1,0.0178,1
1422.0,2,2.3577,2,34.4949,2,26.131,2,2.8965,1,4.7017,1,0.0178,1
1424.0,2,2.356,2,34.4952,2,26.3715,2,2.8972,1,4.7007,1,0.0176,1
1426.0,2,2.3549,2,34.4954,2,26.4199,2,2.8987,1,4.701,1,0.0176,1
1428.0,2,2.3407,2,34.4986,2,26.1629,2,2.8991,1,4.7011,1,0.0176,1
1430.0,2,2.3396,2,34.4986,2,27.1298,2,2.8989,1,4.7,1,0.0178,1
1432.0,2,2.3356,2,34.4993,2,27.2153,2,2.8988,1,4.7011,1,0.0179,1
1434.0,2,2.3329,2,34.4999,2,27.5266,2,2.8977,1,4.7007,1,0.0178,1
1436.0,2,2.331,2,34.5004,2,27.5143,2,2.8958,1,4.701,1,0.0179,1
1438.0,2,2.3268,2,34.5012,2,26.9462,2,2.8932,1,4.6993,1,0.0178,1
1440.0,2,2.328,2,34.501,2,27.6754,2,2.8911,1,4.701,1,0.0176,1
1442.0,2,2.3275,2,34.5009,2,27.5606,2,2.8887,1,4.7012,1,0.0175,1
1444.0,2,2.3273,2,34.501,2,27.7556,2,2.8885,1,4.7006,1,0.0174,1
1446.0,2,2.3246,2,34.5014,2,27.9531,2,2.8877,1,4.7019,1,0.0175,1
1448.0,2,2.3251,2,34.5014,2,27.6069,2,2.8861,1,4.7008,1,0.0171,1
1450.0,2,2.3235,2,34.5017,2,27.9383,2,2.8831,1,4.7019,1,0.0171,1
1452.0,2,2.3221,2,34.5022,2,27.9474,2,2.8808,1,4.7014,1,0.0177,1
1454.0,2,2.322,2,34.502,2,28.0541,2,2.879,1,4.7013,1,0.0175,1
1456.0,2,2.3194,2,34.5025,2,28.1971,2,2.8781,1,4.7016,1,0.0178,1
1458.0,2,2.321,2,34.5023,2,28.1679,2,2.8768,1,4.7019,1,0.0177,1
1460.0,2,2.3213,2,34.5021,2,28.0832,2,2.8752,1,4.7015,1,0.0177,1
1462.0,2,2.3211,2,34.5023,2,28.2167,2,2.8735,1,4.6991,1,0.0178,1
1464.0,2,2.3218,2,34.5022,2,28.0586,2,2.8723,1,4.7017,1,0.0179,1
1466.0,2,2.3213,2,34.5022,2,28.1872,2,2.8701,1,4.7019,1,0.0176,1
1468.0,2,2.3218,2,34.5023,2,28.1008,2,2.868,1,4.7018,1,0.0177,1
1470.0,2,2.3216,2,34.5023,2,28.252,2,2.8664,1,4.7016,1,0.0177,1
1472.0,2,2.3217,2,34.5023,2,28.2048,2,2.8656,1,4.7016,1,0.0176,1
1474.0,2,2.3228,2,34.5022,2,28.1499,2,2.864,1,4.7014,1,0.0174,1
1476.0,2,2.322,2,34.5026,2,27.8471,2,2.8623,1,4.7015,1,0.0176,1
1478.0,2,2.3205,2,34.5028,2,27.8696,2,2.8615,1,4.7014,1,0.0178,1
1480.0,2,2.3196,2,34.5032,2,27.7494,2,2.8605,1,4.7009,1,0.0177,1
1482.0,2,2.3193,2,34.5032,2,27.8269,2,2.8579,1,4.7011,1,0.0178,1
1484.0,2,2.3115,2,34.505,2,28.0456,2,2.8556,1,4.7009,1,0.0177,1
1486.0,2,2.3145,2,34.5043,2,28.2969,2,2.8539,1,4.7007,1,0.0176,1
1488.0,2,2.3076,2,34.5058,2,28.4976,2,2.8523,1,4.7007,1,0.0177,1
1490.0,2,2.308,2,34.5057,2,28.4593,2,2.8524,1,4.7009,1,0.0177,1
1492.0,2,2.3017,2,34.507,2,28.4998,2,2.8508,1,4.7011,1,0.0178,1
1494.0,2,2.3027,2,34.5068,2,29.0346,2,2.8502,1,4.7007,1,0.0177,1
1496.0,2,2.3004,2,34.5072,2,29.0099,2,2.8494,1,4.7003,1,0.0175,1
1498.0,2,2.2964,2,34.5082,2,28.7963,2,2.8485,1,4.7003,1,0.0178,1
1500.0,2,2.2927,2,34.509,2,29.0364,2,2.8471,1,4.7001,1,0.0178,1
1502.0,2,2.2883,2,34.51,2,29.5389,2,2.8462,1,4.6995,1,0.0179,1
1504.0,2,2.2857,2,34.5105,2,28.8507,2,2.8448,1,4.6992,1,0.0179,1
1506.0,2,2.2855,2,34.5105,2,29.8265,2,2.8438,1,4.699,1,0.0178,1
1508.0,2,2.2852,2,34.5106,2,30.5294,2,2.843,1,4.6993,1,0.0177,1
1510.0,2,2.2836,2,34.5113,2,29.6941,2,2.8404,1,4.6991,1,0.0178,1
1512.0,2,2.2821,2,34.5115,2,29.6247,2,2.8388,1,4.699,1,0.0179,1
1514.0,2,2.2823,2,34.5114,2,29.7874,2,2.8368,1,4.6983,1,0.0178,1
1516.0,2,2.2771,2,34.5123,2,29.9584,2,2.8348,1,4.6975,1,0.0178,1
1518.0,2,2.2761,2,34.5126,2,30.272,2,2.8333,1,4.6969,1,0.0175,1
1520.0,2,2.2742,2,34.5129,2,30.3945,2,2.8325,1,4.6971,1,0.0178,1
1522.0,2,2.27,2,34.5138,2,30.5974,2,2.8308,1,4.6968,1,0.0177,1
1524.0,2,2.266,2,34.5145,2,31.3394,2,2.8303,1,4.697,1,0.0178,1
1526.0,2,2.2551,2,34.5167,2,31.5887,2,2.8299,1,4.697,1,0.0177,1
1528.0,2,2.256,2,34.5167,2,31.6768,2,2.8296,1,4.6969,1,0.0178,1
1530.0,2,2.2548,2,34.5168,2,31.7406,2,2.8281,1,4.697,1,0.0177,1
1532.0,2,2.2525,2,34.5173,2,31.6371,2,2.8287,1,4.6963,1,0.0178,1
1534.0,2,2.2484,2,34.5181,2,31.957,2,2.8287,1,4.6967,1,0.0178,1
1536.0,2,2.2473,2,34.5184,2,32.0639,2,2.8284,1,4.6963,1,0.0178,1
1538.0,2,2.2476,2,34.5183,2,32.114,2,2.8285,1,4.6966,1,0.0178,1
1540.0,2,2.248,2,34.5182,2,32.0136,2,2.8294,1,4.6964,1,0.0179,1
1542.0,2,2.2466,2,34.5186,2,32.3873,2,2.8291,1,4.6961,1,0.0179,1
1544.0,2,2.2444,2,34.519,2,32.4502,2,2.8285,1,4.6957,1,0.0177,1
1546.0,2,2.2456,2,34.5189,2,32.4072,2,2.8285,1,4.6959,1,0.0178,1
1548.0,2,2.2441,2,34.519,2,32.5416,2,2.8283,1,4.6957,1,0.0177,1
1550.0,2,2.2446,2,34.5189,2,32.6281,2,2.8293,1,4.695,1,0.0178,1
1552.0,2,2.2431,2,34.5193,2,32.7662,2,2.8291,1,4.6955,1,0.0177,1
1554.0,2,2.2401,2,34.5199,2,32.6926,2,2.828,1,4.6952,1,0.0178,1
1556.0,2,2.241,2,34.5197,2,32.7243,2,2.8283,1,4.6949,1,0.0179,1
1558.0,2,2.2349,2,34.521,2,33.0337,2,2.8278,1,4.6958,1,0.0178,1
1560.0,2,2.2341,2,34.5211,2,33.5129,2,2.8282,1,4.6957,1,0.0178,1
1562.0,2,2.2314,2,34.5216,2,33.3831,2,2.8287,1,4.6956,1,0.0177,1
1564.0,2,2.2309,2,34.5217,2,33.7521,2,2.8287,1,4.6955,1,0.0178,1
1566.0,2,2.2295,2,34.522,2,33.6436,2,2.8283,1,4.6958,1,0.0177,1
1568.0,2,2.2285,2,34.5223,2,33.5371,2,2.8285,1,4.6955,1,0.0177,1
1570.0,2,2.2289,2,34.5222,2,33.6668,2,2.8284,1,4.6954,1,0.0178,1
1572.0,2,2.2293,2,34.5223,2,34.0168,2,2.8279,1,4.6956,1,0.0177,1
1574.0,2,2.2291,2,34.5223,2,33.4901,2,2.8278,1,4.6954,1,0.0178,1
1576.0,2,2.2291,2,34.5223,2,33.8046,2,2.8289,1,4.6953,1,0.0178,1
1578.0,2,2.2292,2,34.5222,2,33.75,2,2.8289,1,4.6954,1,0.0175,1
1580.0,2,2.229,2,34.5223,2,33.6292,2,2.8292,1,4.6958,1,0.0175,1
1582.0,2,2.2252,2,34.5231,2,34.0185,2,2.8298,1,4.6959,1,0.0178,1
1584.0,2,2.2261,2,34.523,2,33.9696,2,2.8301,1,4.6958,1,0.0178,1
1586.0,2,2.2256,2,34.523,2,33.9654,2,2.8304,1,4.6952,1,0.0179,1
1588.0,2,2.2254,2,34.5231,2,33.9445,2,2.8309,1,4.6947,1,0.0177,1
1590.0,2,2.2253,2,34.5232,2,33.9568,2,2.8314,1,4.6951,1,0.0177,1
1592.0,2,2.2236,2,34.5236,2,34.0838,2,2.832,1,4.6947,1,0.0179,1
1594.0,2,2.2233,2,34.5236,2,34.3633,2,2.8323,1,4.695,1,0.0178,1
1596.0,2,2.217,2,34.5249,2,34.2723,2,2.8331,1,4.6954,1,0.0175,1
1598.0,2,2.2078,2,34.5269,2,34.948,2,2.8339,1,4.6949,1,0.0176,1
1600.0,2,2.2041,2,34.5276,2,35.0387,2,2.8347,1,4.695,1,0.0177,1
1602.0,2,2.196,2,34.5293,2,35.2061,2,2.8355,1,4.6953,1,0.0171,1
1604.0,2,2.1909,2,34.5301,2,35.8906,2,2.8487,1,4.6949,1,0.0174,1
1606.0,2,2.1897,2,34.5302,2,36.0946,2,2.8843,1,4.6946,1,0.0176,1
1608.0,2,2.1894,2,34.5303,2,35.7593,2,2.8849,1,4.6945,1,0.0176,1
1610.0,2,2.1854,2,34.5313,2,36.1253,2,2.8854,1,4.6902,1,0.0178,1
1612.0,2,2.1849,2,34.5313,2,36.5955,2,2.8856,1,4.694,1,0.0178,1
1614.0,2,2.1843,2,34.5313,2,36.376,2,2.8869,1,4.6933,1,0.0176,1
1616.0,2,2.1835,2,34.5316,2,36.6685,2,2.888,1,4.6946,1,0.0178,1
1618.0,2,2.1827,2,34.5317,2,36.5548,2,2.8896,1,4.6947,1,0.0178,1
1620.0,2,2.1827,2,34.5317,2,36.6999,2,2.8941,1,4.6936,1,0.0176,1
END_DATA